--CITY
INSERT INTO [dbo].[City] ([Id], [IdCountry], [Name]) VALUES (N'3a3187c0-18d7-e611-b354-d017c293d790', N'2287e2b0-18d7-e611-b354-d017c293d790', N'City Arrival 1')
INSERT INTO [dbo].[City] ([Id], [IdCountry], [Name]) VALUES (N'3b3187c0-18d7-e611-b354-d017c293d790', N'2387e2b0-18d7-e611-b354-d017c293d790', N'City Departure 1')
INSERT INTO [dbo].[City] ([Id], [IdCountry], [Name]) VALUES (N'297f7dcb-18d7-e611-b354-d017c293d790', N'2487e2b0-18d7-e611-b354-d017c293d790', N'City Departure 2')
INSERT INTO [dbo].[City] ([Id], [IdCountry], [Name]) VALUES (N'a625c6d2-18d7-e611-b354-d017c293d790', N'2387e2b0-18d7-e611-b354-d017c293d790', N'City Arrival 2')
--COMPANY
INSERT INTO [dbo].[Company] ([Id], [Name]) VALUES (N'cf1ed1a2-18d7-e611-b354-d017c293d790', N'Company 1')
INSERT INTO [dbo].[Company] ([Id], [Name]) VALUES (N'd01ed1a2-18d7-e611-b354-d017c293d790', N'Company 2')
INSERT INTO [dbo].[Company] ([Id], [Name]) VALUES (N'2fd281aa-18d7-e611-b354-d017c293d790', N'Company 3')
--COUNTRY
INSERT INTO [dbo].[Country] ([Id], [Name]) VALUES (N'2287e2b0-18d7-e611-b354-d017c293d790', N'Country 1')
INSERT INTO [dbo].[Country] ([Id], [Name]) VALUES (N'2387e2b0-18d7-e611-b354-d017c293d790', N'Country 2')
INSERT INTO [dbo].[Country] ([Id], [Name]) VALUES (N'2487e2b0-18d7-e611-b354-d017c293d790', N'Country 3')
--FLIGHT
INSERT INTO [dbo].[Flight] ([Id], [IdCompany], [Name], [FDayofWeek], [IdCityDeparture], [IdCityArrival], [DepartureTime], [ArrivalTime]) VALUES (N'0a3cddeb-18d7-e611-b354-d017c293d790', N'cf1ed1a2-18d7-e611-b354-d017c293d790', N'Flight 1', 1, N'3b3187c0-18d7-e611-b354-d017c293d790', N'3a3187c0-18d7-e611-b354-d017c293d790', N'01:00:00', N'15:00:00')
INSERT INTO [dbo].[Flight] ([Id], [IdCompany], [Name], [FDayofWeek], [IdCityDeparture], [IdCityArrival], [DepartureTime], [ArrivalTime]) VALUES (N'f4441efa-18d7-e611-b354-d017c293d790', N'cf1ed1a2-18d7-e611-b354-d017c293d790', N'Flight 2', 1, N'3b3187c0-18d7-e611-b354-d017c293d790', N'a625c6d2-18d7-e611-b354-d017c293d790', N'03:02:00', N'15:00:00')
INSERT INTO [dbo].[Flight] ([Id], [IdCompany], [Name], [FDayofWeek], [IdCityDeparture], [IdCityArrival], [DepartureTime], [ArrivalTime]) VALUES (N'bf11510d-19d7-e611-b354-d017c293d790', N'd01ed1a2-18d7-e611-b354-d017c293d790', N'Flight 3', 1, N'3b3187c0-18d7-e611-b354-d017c293d790', N'a625c6d2-18d7-e611-b354-d017c293d790', N'04:03:00', N'15:00:00')
INSERT INTO [dbo].[Flight] ([Id], [IdCompany], [Name], [FDayofWeek], [IdCityDeparture], [IdCityArrival], [DepartureTime], [ArrivalTime]) VALUES (N'7e68281a-19d7-e611-b354-d017c293d790', N'2fd281aa-18d7-e611-b354-d017c293d790', N'Flight 4', 1, N'3b3187c0-18d7-e611-b354-d017c293d790', N'3a3187c0-18d7-e611-b354-d017c293d790', N'01:00:00', N'15:00:00')
INSERT INTO [dbo].[Flight] ([Id], [IdCompany], [Name], [FDayofWeek], [IdCityDeparture], [IdCityArrival], [DepartureTime], [ArrivalTime]) VALUES (N'b33eae27-19d7-e611-b354-d017c293d790', N'cf1ed1a2-18d7-e611-b354-d017c293d790', N'Flight 5', 1, N'3b3187c0-18d7-e611-b354-d017c293d790', N'a625c6d2-18d7-e611-b354-d017c293d790', N'01:00:00', N'15:00:00')
INSERT INTO [dbo].[Flight] ([Id], [IdCompany], [Name], [FDayofWeek], [IdCityDeparture], [IdCityArrival], [DepartureTime], [ArrivalTime]) VALUES (N'73497d33-19d7-e611-b354-d017c293d790', N'cf1ed1a2-18d7-e611-b354-d017c293d790', N'Flight 6', 1, N'3b3187c0-18d7-e611-b354-d017c293d790', N'3a3187c0-18d7-e611-b354-d017c293d790', N'01:00:00', N'15:00:00')
--FLIGHTSTATE
INSERT INTO [dbo].[FlightState] ([Id], [Name]) VALUES (N'b2006d41-7688-42d9-a6db-6afd8c58ac1c', N'delayed')
INSERT INTO [dbo].[FlightState] ([Id], [Name]) VALUES (N'5ebe4a2f-f0c1-e611-b353-d017c293d790', N'normal')
--SCHEDULE
INSERT INTO [dbo].[Schedule] ([Id], [IdFlight], [IdFlightState], [DepartureDT], [ArrivalDT], [Comment]) VALUES (N'f8d29c44-b470-4ee4-8b65-0083e7a00d2d', N'73497d33-19d7-e611-b354-d017c293d790', N'5ebe4a2f-f0c1-e611-b353-d017c293d790', N'2017-01-08 01:00:00', N'2017-01-08 15:00:00', N'')
INSERT INTO [dbo].[Schedule] ([Id], [IdFlight], [IdFlightState], [DepartureDT], [ArrivalDT], [Comment]) VALUES (N'a6b6c334-f7c8-4817-96ea-00e1f4ac0a77', N'7e68281a-19d7-e611-b354-d017c293d790', N'5ebe4a2f-f0c1-e611-b353-d017c293d790', N'2017-02-05 01:00:00', N'2017-02-05 15:00:00', N'')
INSERT INTO [dbo].[Schedule] ([Id], [IdFlight], [IdFlightState], [DepartureDT], [ArrivalDT], [Comment]) VALUES (N'6ab80dc8-7504-41cf-ae17-02b563ec0952', N'bf11510d-19d7-e611-b354-d017c293d790', N'5ebe4a2f-f0c1-e611-b353-d017c293d790', N'2017-01-22 04:03:00', N'2017-01-22 15:00:00', N'')
INSERT INTO [dbo].[Schedule] ([Id], [IdFlight], [IdFlightState], [DepartureDT], [ArrivalDT], [Comment]) VALUES (N'60d6102d-db4c-43e0-9fbc-0312c2e44dd9', N'73497d33-19d7-e611-b354-d017c293d790', N'5ebe4a2f-f0c1-e611-b353-d017c293d790', N'2017-07-02 01:00:00', N'2017-07-02 15:00:00', N'')
INSERT INTO [dbo].[Schedule] ([Id], [IdFlight], [IdFlightState], [DepartureDT], [ArrivalDT], [Comment]) VALUES (N'd5b98947-24c1-4530-b634-03a0a91abab9', N'bf11510d-19d7-e611-b354-d017c293d790', N'5ebe4a2f-f0c1-e611-b353-d017c293d790', N'2017-12-17 04:03:00', N'2017-12-17 15:00:00', N'')
INSERT INTO [dbo].[Schedule] ([Id], [IdFlight], [IdFlightState], [DepartureDT], [ArrivalDT], [Comment]) VALUES (N'39d258d6-ee25-4eca-9fe8-0501c3da8ef0', N'0a3cddeb-18d7-e611-b354-d017c293d790', N'5ebe4a2f-f0c1-e611-b353-d017c293d790', N'2017-08-20 01:00:00', N'2017-08-20 15:00:00', N'')
INSERT INTO [dbo].[Schedule] ([Id], [IdFlight], [IdFlightState], [DepartureDT], [ArrivalDT], [Comment]) VALUES (N'ccbb0209-92f2-40ec-aa72-05ebc346ef34', N'bf11510d-19d7-e611-b354-d017c293d790', N'5ebe4a2f-f0c1-e611-b353-d017c293d790', N'2017-10-08 04:03:00', N'2017-10-08 15:00:00', N'')
INSERT INTO [dbo].[Schedule] ([Id], [IdFlight], [IdFlightState], [DepartureDT], [ArrivalDT], [Comment]) VALUES (N'b7a03343-8701-492e-a5bf-064702a1bdda', N'73497d33-19d7-e611-b354-d017c293d790', N'5ebe4a2f-f0c1-e611-b353-d017c293d790', N'2017-11-05 01:00:00', N'2017-11-05 15:00:00', N'')
INSERT INTO [dbo].[Schedule] ([Id], [IdFlight], [IdFlightState], [DepartureDT], [ArrivalDT], [Comment]) VALUES (N'4d3f850e-870d-479c-b24c-067e2cfe272d', N'0a3cddeb-18d7-e611-b354-d017c293d790', N'5ebe4a2f-f0c1-e611-b353-d017c293d790', N'2017-07-16 01:00:00', N'2017-07-16 15:00:00', N'')
INSERT INTO [dbo].[Schedule] ([Id], [IdFlight], [IdFlightState], [DepartureDT], [ArrivalDT], [Comment]) VALUES (N'07fe5050-3ef0-4341-8669-06961db610a0', N'0a3cddeb-18d7-e611-b354-d017c293d790', N'5ebe4a2f-f0c1-e611-b353-d017c293d790', N'2017-03-26 01:00:00', N'2017-03-26 15:00:00', N'')
INSERT INTO [dbo].[Schedule] ([Id], [IdFlight], [IdFlightState], [DepartureDT], [ArrivalDT], [Comment]) VALUES (N'd92185ae-0414-4499-9d31-079f053155f9', N'73497d33-19d7-e611-b354-d017c293d790', N'5ebe4a2f-f0c1-e611-b353-d017c293d790', N'2017-07-09 01:00:00', N'2017-07-09 15:00:00', N'')
INSERT INTO [dbo].[Schedule] ([Id], [IdFlight], [IdFlightState], [DepartureDT], [ArrivalDT], [Comment]) VALUES (N'cdb78347-fe91-45d9-b1f2-08def1bd50fa', N'f4441efa-18d7-e611-b354-d017c293d790', N'5ebe4a2f-f0c1-e611-b353-d017c293d790', N'2017-12-31 03:02:00', N'2017-12-31 15:00:00', N'')
INSERT INTO [dbo].[Schedule] ([Id], [IdFlight], [IdFlightState], [DepartureDT], [ArrivalDT], [Comment]) VALUES (N'4d608f3b-849b-43de-bbeb-0972b18683d7', N'f4441efa-18d7-e611-b354-d017c293d790', N'5ebe4a2f-f0c1-e611-b353-d017c293d790', N'2017-10-15 03:02:00', N'2017-10-15 15:00:00', N'')
INSERT INTO [dbo].[Schedule] ([Id], [IdFlight], [IdFlightState], [DepartureDT], [ArrivalDT], [Comment]) VALUES (N'ced793ac-cecf-44d2-9d81-0a0f08011460', N'0a3cddeb-18d7-e611-b354-d017c293d790', N'5ebe4a2f-f0c1-e611-b353-d017c293d790', N'2017-07-23 01:00:00', N'2017-07-23 15:00:00', N'')
INSERT INTO [dbo].[Schedule] ([Id], [IdFlight], [IdFlightState], [DepartureDT], [ArrivalDT], [Comment]) VALUES (N'b800791e-6856-4cee-ac46-0ade88db48d1', N'b33eae27-19d7-e611-b354-d017c293d790', N'5ebe4a2f-f0c1-e611-b353-d017c293d790', N'2017-08-20 01:00:00', N'2017-08-20 15:00:00', N'')
INSERT INTO [dbo].[Schedule] ([Id], [IdFlight], [IdFlightState], [DepartureDT], [ArrivalDT], [Comment]) VALUES (N'a7e9c3be-4ef6-4143-97fe-0ae457a16b50', N'f4441efa-18d7-e611-b354-d017c293d790', N'5ebe4a2f-f0c1-e611-b353-d017c293d790', N'2017-04-16 03:02:00', N'2017-04-16 15:00:00', N'')
INSERT INTO [dbo].[Schedule] ([Id], [IdFlight], [IdFlightState], [DepartureDT], [ArrivalDT], [Comment]) VALUES (N'fd50714a-1ef4-457d-8bcf-0cd649a8dcf5', N'73497d33-19d7-e611-b354-d017c293d790', N'5ebe4a2f-f0c1-e611-b353-d017c293d790', N'2017-08-13 01:00:00', N'2017-08-13 15:00:00', N'')
INSERT INTO [dbo].[Schedule] ([Id], [IdFlight], [IdFlightState], [DepartureDT], [ArrivalDT], [Comment]) VALUES (N'eeb184e5-1bb5-4a90-891d-0d1234d1e52c', N'0a3cddeb-18d7-e611-b354-d017c293d790', N'5ebe4a2f-f0c1-e611-b353-d017c293d790', N'2017-10-08 01:00:00', N'2017-10-08 15:00:00', N'')
INSERT INTO [dbo].[Schedule] ([Id], [IdFlight], [IdFlightState], [DepartureDT], [ArrivalDT], [Comment]) VALUES (N'd73877b9-1be5-4ef8-aef6-0d50caf20789', N'b33eae27-19d7-e611-b354-d017c293d790', N'5ebe4a2f-f0c1-e611-b353-d017c293d790', N'2017-12-03 01:00:00', N'2017-12-03 15:00:00', N'')
INSERT INTO [dbo].[Schedule] ([Id], [IdFlight], [IdFlightState], [DepartureDT], [ArrivalDT], [Comment]) VALUES (N'92f2db24-c729-4734-9a6b-0d5afef48d06', N'73497d33-19d7-e611-b354-d017c293d790', N'5ebe4a2f-f0c1-e611-b353-d017c293d790', N'2017-07-16 01:00:00', N'2017-07-16 15:00:00', N'')
INSERT INTO [dbo].[Schedule] ([Id], [IdFlight], [IdFlightState], [DepartureDT], [ArrivalDT], [Comment]) VALUES (N'bd27a8c7-44d8-475e-963c-0d74a4d06891', N'7e68281a-19d7-e611-b354-d017c293d790', N'5ebe4a2f-f0c1-e611-b353-d017c293d790', N'2017-10-08 01:00:00', N'2017-10-08 15:00:00', N'')
INSERT INTO [dbo].[Schedule] ([Id], [IdFlight], [IdFlightState], [DepartureDT], [ArrivalDT], [Comment]) VALUES (N'8eaef482-65b9-47e6-ab67-0e34794f129a', N'bf11510d-19d7-e611-b354-d017c293d790', N'5ebe4a2f-f0c1-e611-b353-d017c293d790', N'2017-11-05 04:03:00', N'2017-11-05 15:00:00', N'')
INSERT INTO [dbo].[Schedule] ([Id], [IdFlight], [IdFlightState], [DepartureDT], [ArrivalDT], [Comment]) VALUES (N'deecb505-0198-401d-97d0-0ec435534161', N'7e68281a-19d7-e611-b354-d017c293d790', N'5ebe4a2f-f0c1-e611-b353-d017c293d790', N'2017-01-22 01:00:00', N'2017-01-22 15:00:00', N'')
INSERT INTO [dbo].[Schedule] ([Id], [IdFlight], [IdFlightState], [DepartureDT], [ArrivalDT], [Comment]) VALUES (N'1197e1c8-23bd-4047-98ef-0f24fa38dd56', N'f4441efa-18d7-e611-b354-d017c293d790', N'5ebe4a2f-f0c1-e611-b353-d017c293d790', N'2017-07-02 03:02:00', N'2017-07-02 15:00:00', N'')
INSERT INTO [dbo].[Schedule] ([Id], [IdFlight], [IdFlightState], [DepartureDT], [ArrivalDT], [Comment]) VALUES (N'760b6635-fb3b-4843-a3f7-0fb3b0cf5631', N'bf11510d-19d7-e611-b354-d017c293d790', N'5ebe4a2f-f0c1-e611-b353-d017c293d790', N'2017-03-26 04:03:00', N'2017-03-26 15:00:00', N'')
INSERT INTO [dbo].[Schedule] ([Id], [IdFlight], [IdFlightState], [DepartureDT], [ArrivalDT], [Comment]) VALUES (N'dd82b114-4f2b-4c21-a37f-1020df7c5bec', N'7e68281a-19d7-e611-b354-d017c293d790', N'5ebe4a2f-f0c1-e611-b353-d017c293d790', N'2017-06-04 01:00:00', N'2017-06-04 15:00:00', N'')
INSERT INTO [dbo].[Schedule] ([Id], [IdFlight], [IdFlightState], [DepartureDT], [ArrivalDT], [Comment]) VALUES (N'2e6a9409-97c3-4add-a374-10250bcb70be', N'73497d33-19d7-e611-b354-d017c293d790', N'5ebe4a2f-f0c1-e611-b353-d017c293d790', N'2017-05-14 01:00:00', N'2017-05-14 15:00:00', N'')
INSERT INTO [dbo].[Schedule] ([Id], [IdFlight], [IdFlightState], [DepartureDT], [ArrivalDT], [Comment]) VALUES (N'19e9c57e-4104-4011-9818-10458793b63b', N'73497d33-19d7-e611-b354-d017c293d790', N'5ebe4a2f-f0c1-e611-b353-d017c293d790', N'2017-01-15 01:00:00', N'2017-01-15 15:00:00', N'')
INSERT INTO [dbo].[Schedule] ([Id], [IdFlight], [IdFlightState], [DepartureDT], [ArrivalDT], [Comment]) VALUES (N'f3a51d5b-cf27-403c-b0c8-106958e12cdb', N'f4441efa-18d7-e611-b354-d017c293d790', N'5ebe4a2f-f0c1-e611-b353-d017c293d790', N'2017-04-23 03:02:00', N'2017-04-23 15:00:00', N'')
INSERT INTO [dbo].[Schedule] ([Id], [IdFlight], [IdFlightState], [DepartureDT], [ArrivalDT], [Comment]) VALUES (N'34c95625-a397-4ec3-9370-11030ff4cd2a', N'7e68281a-19d7-e611-b354-d017c293d790', N'5ebe4a2f-f0c1-e611-b353-d017c293d790', N'2017-04-16 01:00:00', N'2017-04-16 15:00:00', N'')
INSERT INTO [dbo].[Schedule] ([Id], [IdFlight], [IdFlightState], [DepartureDT], [ArrivalDT], [Comment]) VALUES (N'c908a918-44e8-42a2-986c-114fcf6fbc4c', N'7e68281a-19d7-e611-b354-d017c293d790', N'5ebe4a2f-f0c1-e611-b353-d017c293d790', N'2017-10-15 01:00:00', N'2017-10-15 15:00:00', N'')
INSERT INTO [dbo].[Schedule] ([Id], [IdFlight], [IdFlightState], [DepartureDT], [ArrivalDT], [Comment]) VALUES (N'f81a7f81-0fbe-40a2-9c0f-11843c9adc85', N'0a3cddeb-18d7-e611-b354-d017c293d790', N'5ebe4a2f-f0c1-e611-b353-d017c293d790', N'2017-02-12 01:00:00', N'2017-02-12 15:00:00', N'')
INSERT INTO [dbo].[Schedule] ([Id], [IdFlight], [IdFlightState], [DepartureDT], [ArrivalDT], [Comment]) VALUES (N'b95507ef-1790-4470-a35a-11ab65dc52fa', N'7e68281a-19d7-e611-b354-d017c293d790', N'5ebe4a2f-f0c1-e611-b353-d017c293d790', N'2017-09-10 01:00:00', N'2017-09-10 15:00:00', N'')
INSERT INTO [dbo].[Schedule] ([Id], [IdFlight], [IdFlightState], [DepartureDT], [ArrivalDT], [Comment]) VALUES (N'be6c749b-6ef7-4b4f-aebd-1267a5d4b8f1', N'b33eae27-19d7-e611-b354-d017c293d790', N'5ebe4a2f-f0c1-e611-b353-d017c293d790', N'2017-03-19 01:00:00', N'2017-03-19 15:00:00', N'')
INSERT INTO [dbo].[Schedule] ([Id], [IdFlight], [IdFlightState], [DepartureDT], [ArrivalDT], [Comment]) VALUES (N'84f03086-631e-42b4-b160-129541948742', N'bf11510d-19d7-e611-b354-d017c293d790', N'5ebe4a2f-f0c1-e611-b353-d017c293d790', N'2017-05-21 04:03:00', N'2017-05-21 15:00:00', N'')
INSERT INTO [dbo].[Schedule] ([Id], [IdFlight], [IdFlightState], [DepartureDT], [ArrivalDT], [Comment]) VALUES (N'ef9379ae-7e1f-4f27-93da-12971a847a87', N'f4441efa-18d7-e611-b354-d017c293d790', N'5ebe4a2f-f0c1-e611-b353-d017c293d790', N'2017-01-01 03:02:00', N'2017-01-01 15:00:00', N'')
INSERT INTO [dbo].[Schedule] ([Id], [IdFlight], [IdFlightState], [DepartureDT], [ArrivalDT], [Comment]) VALUES (N'a9be4448-d032-4496-bebe-12b1221c44db', N'bf11510d-19d7-e611-b354-d017c293d790', N'5ebe4a2f-f0c1-e611-b353-d017c293d790', N'2017-12-24 04:03:00', N'2017-12-24 15:00:00', N'')
INSERT INTO [dbo].[Schedule] ([Id], [IdFlight], [IdFlightState], [DepartureDT], [ArrivalDT], [Comment]) VALUES (N'4dc3deca-e268-46ae-a936-12dcc1908ba0', N'0a3cddeb-18d7-e611-b354-d017c293d790', N'5ebe4a2f-f0c1-e611-b353-d017c293d790', N'2017-06-25 01:00:00', N'2017-06-25 15:00:00', N'')
INSERT INTO [dbo].[Schedule] ([Id], [IdFlight], [IdFlightState], [DepartureDT], [ArrivalDT], [Comment]) VALUES (N'c7c12a75-35ba-4aac-8cc4-13ad874efed0', N'b33eae27-19d7-e611-b354-d017c293d790', N'5ebe4a2f-f0c1-e611-b353-d017c293d790', N'2017-11-19 01:00:00', N'2017-11-19 15:00:00', N'')
INSERT INTO [dbo].[Schedule] ([Id], [IdFlight], [IdFlightState], [DepartureDT], [ArrivalDT], [Comment]) VALUES (N'54cc8649-ccc0-456a-8631-13e6cdd16607', N'0a3cddeb-18d7-e611-b354-d017c293d790', N'5ebe4a2f-f0c1-e611-b353-d017c293d790', N'2017-07-09 01:00:00', N'2017-07-09 15:00:00', N'')
INSERT INTO [dbo].[Schedule] ([Id], [IdFlight], [IdFlightState], [DepartureDT], [ArrivalDT], [Comment]) VALUES (N'02c205bb-72f4-47b5-9b09-13e915bc0d23', N'7e68281a-19d7-e611-b354-d017c293d790', N'5ebe4a2f-f0c1-e611-b353-d017c293d790', N'2017-02-12 01:00:00', N'2017-02-12 15:00:00', N'')
INSERT INTO [dbo].[Schedule] ([Id], [IdFlight], [IdFlightState], [DepartureDT], [ArrivalDT], [Comment]) VALUES (N'fc6bb3e5-1bd0-4987-966e-14b76c165c2f', N'b33eae27-19d7-e611-b354-d017c293d790', N'5ebe4a2f-f0c1-e611-b353-d017c293d790', N'2017-06-18 01:00:00', N'2017-06-18 15:00:00', N'')
INSERT INTO [dbo].[Schedule] ([Id], [IdFlight], [IdFlightState], [DepartureDT], [ArrivalDT], [Comment]) VALUES (N'cf89fa0a-bb38-40a7-98e1-14c94642735b', N'0a3cddeb-18d7-e611-b354-d017c293d790', N'5ebe4a2f-f0c1-e611-b353-d017c293d790', N'2017-06-18 01:00:00', N'2017-06-18 15:00:00', N'')
INSERT INTO [dbo].[Schedule] ([Id], [IdFlight], [IdFlightState], [DepartureDT], [ArrivalDT], [Comment]) VALUES (N'd09c7479-16b3-45a1-8102-14d68b103443', N'0a3cddeb-18d7-e611-b354-d017c293d790', N'5ebe4a2f-f0c1-e611-b353-d017c293d790', N'2017-10-22 01:00:00', N'2017-10-22 15:00:00', N'')
INSERT INTO [dbo].[Schedule] ([Id], [IdFlight], [IdFlightState], [DepartureDT], [ArrivalDT], [Comment]) VALUES (N'f4a733e3-63b8-4c1b-9785-1546b894c6ad', N'73497d33-19d7-e611-b354-d017c293d790', N'5ebe4a2f-f0c1-e611-b353-d017c293d790', N'2017-06-04 01:00:00', N'2017-06-04 15:00:00', N'')
INSERT INTO [dbo].[Schedule] ([Id], [IdFlight], [IdFlightState], [DepartureDT], [ArrivalDT], [Comment]) VALUES (N'ca5c103c-a360-4470-970b-1576709625cc', N'7e68281a-19d7-e611-b354-d017c293d790', N'5ebe4a2f-f0c1-e611-b353-d017c293d790', N'2017-05-14 01:00:00', N'2017-05-14 15:00:00', N'')
INSERT INTO [dbo].[Schedule] ([Id], [IdFlight], [IdFlightState], [DepartureDT], [ArrivalDT], [Comment]) VALUES (N'82752e9f-847d-440e-9e7d-159e6ce88b22', N'73497d33-19d7-e611-b354-d017c293d790', N'5ebe4a2f-f0c1-e611-b353-d017c293d790', N'2017-09-17 01:00:00', N'2017-09-17 15:00:00', N'')
INSERT INTO [dbo].[Schedule] ([Id], [IdFlight], [IdFlightState], [DepartureDT], [ArrivalDT], [Comment]) VALUES (N'5d074c2d-1f3f-4595-9146-1712cf5cd89f', N'f4441efa-18d7-e611-b354-d017c293d790', N'5ebe4a2f-f0c1-e611-b353-d017c293d790', N'2017-09-17 03:02:00', N'2017-09-17 15:00:00', N'')
INSERT INTO [dbo].[Schedule] ([Id], [IdFlight], [IdFlightState], [DepartureDT], [ArrivalDT], [Comment]) VALUES (N'b789518d-0a97-4a2b-a9d9-198b59c78e5f', N'f4441efa-18d7-e611-b354-d017c293d790', N'5ebe4a2f-f0c1-e611-b353-d017c293d790', N'2017-10-01 03:02:00', N'2017-10-01 15:00:00', N'')
INSERT INTO [dbo].[Schedule] ([Id], [IdFlight], [IdFlightState], [DepartureDT], [ArrivalDT], [Comment]) VALUES (N'a3664b47-3d1d-4a93-a5c1-1a6588b527f8', N'7e68281a-19d7-e611-b354-d017c293d790', N'5ebe4a2f-f0c1-e611-b353-d017c293d790', N'2017-06-11 01:00:00', N'2017-06-11 15:00:00', N'')
INSERT INTO [dbo].[Schedule] ([Id], [IdFlight], [IdFlightState], [DepartureDT], [ArrivalDT], [Comment]) VALUES (N'e11a16e2-5497-4dc1-a9f2-1a724c302619', N'b33eae27-19d7-e611-b354-d017c293d790', N'5ebe4a2f-f0c1-e611-b353-d017c293d790', N'2017-07-02 01:00:00', N'2017-07-02 15:00:00', N'')
INSERT INTO [dbo].[Schedule] ([Id], [IdFlight], [IdFlightState], [DepartureDT], [ArrivalDT], [Comment]) VALUES (N'd044f629-891d-44cd-a0fb-1a887679b316', N'0a3cddeb-18d7-e611-b354-d017c293d790', N'5ebe4a2f-f0c1-e611-b353-d017c293d790', N'2017-06-04 01:00:00', N'2017-06-04 15:00:00', N'')
INSERT INTO [dbo].[Schedule] ([Id], [IdFlight], [IdFlightState], [DepartureDT], [ArrivalDT], [Comment]) VALUES (N'408c6a0b-c33d-40b1-89b7-1aa710715803', N'f4441efa-18d7-e611-b354-d017c293d790', N'5ebe4a2f-f0c1-e611-b353-d017c293d790', N'2017-11-19 03:02:00', N'2017-11-19 15:00:00', N'')
INSERT INTO [dbo].[Schedule] ([Id], [IdFlight], [IdFlightState], [DepartureDT], [ArrivalDT], [Comment]) VALUES (N'5c524793-9a07-4a0e-93c3-1ab8baa25ecd', N'bf11510d-19d7-e611-b354-d017c293d790', N'5ebe4a2f-f0c1-e611-b353-d017c293d790', N'2017-02-05 04:03:00', N'2017-02-05 15:00:00', N'')
INSERT INTO [dbo].[Schedule] ([Id], [IdFlight], [IdFlightState], [DepartureDT], [ArrivalDT], [Comment]) VALUES (N'e0477ecf-1aae-464c-ae21-1af52f6bf01e', N'0a3cddeb-18d7-e611-b354-d017c293d790', N'5ebe4a2f-f0c1-e611-b353-d017c293d790', N'2017-05-28 01:00:00', N'2017-05-28 15:00:00', N'')
INSERT INTO [dbo].[Schedule] ([Id], [IdFlight], [IdFlightState], [DepartureDT], [ArrivalDT], [Comment]) VALUES (N'b0a2f6f4-30ab-4749-b547-1bf0511e16a1', N'f4441efa-18d7-e611-b354-d017c293d790', N'5ebe4a2f-f0c1-e611-b353-d017c293d790', N'2017-06-25 03:02:00', N'2017-06-25 15:00:00', N'')
INSERT INTO [dbo].[Schedule] ([Id], [IdFlight], [IdFlightState], [DepartureDT], [ArrivalDT], [Comment]) VALUES (N'244b7f1c-92c7-4996-b10d-2004f74f0687', N'bf11510d-19d7-e611-b354-d017c293d790', N'5ebe4a2f-f0c1-e611-b353-d017c293d790', N'2017-10-22 04:03:00', N'2017-10-22 15:00:00', N'')
INSERT INTO [dbo].[Schedule] ([Id], [IdFlight], [IdFlightState], [DepartureDT], [ArrivalDT], [Comment]) VALUES (N'30e662f5-5151-4f0a-b4cc-202453cae60e', N'73497d33-19d7-e611-b354-d017c293d790', N'5ebe4a2f-f0c1-e611-b353-d017c293d790', N'2017-06-11 01:00:00', N'2017-06-11 15:00:00', N'')
INSERT INTO [dbo].[Schedule] ([Id], [IdFlight], [IdFlightState], [DepartureDT], [ArrivalDT], [Comment]) VALUES (N'9184f513-d8df-4bbe-825e-2025def9e994', N'bf11510d-19d7-e611-b354-d017c293d790', N'5ebe4a2f-f0c1-e611-b353-d017c293d790', N'2017-05-07 04:03:00', N'2017-05-07 15:00:00', N'')
INSERT INTO [dbo].[Schedule] ([Id], [IdFlight], [IdFlightState], [DepartureDT], [ArrivalDT], [Comment]) VALUES (N'0c0a8975-1824-4296-9527-203a6a83bf5d', N'b33eae27-19d7-e611-b354-d017c293d790', N'5ebe4a2f-f0c1-e611-b353-d017c293d790', N'2017-10-08 01:00:00', N'2017-10-08 15:00:00', N'')
INSERT INTO [dbo].[Schedule] ([Id], [IdFlight], [IdFlightState], [DepartureDT], [ArrivalDT], [Comment]) VALUES (N'7f6dd368-a3ca-43a0-85ae-215b040abc44', N'bf11510d-19d7-e611-b354-d017c293d790', N'5ebe4a2f-f0c1-e611-b353-d017c293d790', N'2017-12-10 04:03:00', N'2017-12-10 15:00:00', N'')
INSERT INTO [dbo].[Schedule] ([Id], [IdFlight], [IdFlightState], [DepartureDT], [ArrivalDT], [Comment]) VALUES (N'15ff4a43-02b0-42b3-a9f9-2186adcdab24', N'73497d33-19d7-e611-b354-d017c293d790', N'5ebe4a2f-f0c1-e611-b353-d017c293d790', N'2017-02-19 01:00:00', N'2017-02-19 15:00:00', N'')
INSERT INTO [dbo].[Schedule] ([Id], [IdFlight], [IdFlightState], [DepartureDT], [ArrivalDT], [Comment]) VALUES (N'cb13cef8-98eb-48f6-9d40-21a82ef10d4a', N'7e68281a-19d7-e611-b354-d017c293d790', N'5ebe4a2f-f0c1-e611-b353-d017c293d790', N'2017-08-13 01:00:00', N'2017-08-13 15:00:00', N'')
INSERT INTO [dbo].[Schedule] ([Id], [IdFlight], [IdFlightState], [DepartureDT], [ArrivalDT], [Comment]) VALUES (N'46954477-11fe-4ce6-bc3b-223b701cface', N'f4441efa-18d7-e611-b354-d017c293d790', N'5ebe4a2f-f0c1-e611-b353-d017c293d790', N'2017-08-20 03:02:00', N'2017-08-20 15:00:00', N'')
INSERT INTO [dbo].[Schedule] ([Id], [IdFlight], [IdFlightState], [DepartureDT], [ArrivalDT], [Comment]) VALUES (N'8dee6655-0e87-49ee-b76d-22c929db401f', N'7e68281a-19d7-e611-b354-d017c293d790', N'5ebe4a2f-f0c1-e611-b353-d017c293d790', N'2017-04-23 01:00:00', N'2017-04-23 15:00:00', N'')
INSERT INTO [dbo].[Schedule] ([Id], [IdFlight], [IdFlightState], [DepartureDT], [ArrivalDT], [Comment]) VALUES (N'0c8d3fa0-dd82-4110-a4c0-231d44d11c97', N'b33eae27-19d7-e611-b354-d017c293d790', N'5ebe4a2f-f0c1-e611-b353-d017c293d790', N'2017-03-26 01:00:00', N'2017-03-26 15:00:00', N'')
INSERT INTO [dbo].[Schedule] ([Id], [IdFlight], [IdFlightState], [DepartureDT], [ArrivalDT], [Comment]) VALUES (N'e0d5dace-8b0a-43e0-8e77-238b827bcf0c', N'7e68281a-19d7-e611-b354-d017c293d790', N'5ebe4a2f-f0c1-e611-b353-d017c293d790', N'2017-12-24 01:00:00', N'2017-12-24 15:00:00', N'')
INSERT INTO [dbo].[Schedule] ([Id], [IdFlight], [IdFlightState], [DepartureDT], [ArrivalDT], [Comment]) VALUES (N'1bed81f5-cf1d-4904-9435-238ea7d14309', N'b33eae27-19d7-e611-b354-d017c293d790', N'5ebe4a2f-f0c1-e611-b353-d017c293d790', N'2017-04-30 01:00:00', N'2017-04-30 15:00:00', N'')
INSERT INTO [dbo].[Schedule] ([Id], [IdFlight], [IdFlightState], [DepartureDT], [ArrivalDT], [Comment]) VALUES (N'78c54b05-e364-4185-9899-259e35b1e97c', N'b33eae27-19d7-e611-b354-d017c293d790', N'5ebe4a2f-f0c1-e611-b353-d017c293d790', N'2017-12-17 01:00:00', N'2017-12-17 15:00:00', N'')
INSERT INTO [dbo].[Schedule] ([Id], [IdFlight], [IdFlightState], [DepartureDT], [ArrivalDT], [Comment]) VALUES (N'206c0fab-35cf-4990-8c04-26aa29be5cd6', N'f4441efa-18d7-e611-b354-d017c293d790', N'5ebe4a2f-f0c1-e611-b353-d017c293d790', N'2017-01-08 03:02:00', N'2017-01-08 15:00:00', N'')
INSERT INTO [dbo].[Schedule] ([Id], [IdFlight], [IdFlightState], [DepartureDT], [ArrivalDT], [Comment]) VALUES (N'48e95d32-b8fe-45fb-a984-27d5c56d793f', N'0a3cddeb-18d7-e611-b354-d017c293d790', N'5ebe4a2f-f0c1-e611-b353-d017c293d790', N'2017-08-13 01:00:00', N'2017-08-13 15:00:00', N'')
INSERT INTO [dbo].[Schedule] ([Id], [IdFlight], [IdFlightState], [DepartureDT], [ArrivalDT], [Comment]) VALUES (N'f3aff65c-c88f-435c-90e4-282a76103cdf', N'73497d33-19d7-e611-b354-d017c293d790', N'5ebe4a2f-f0c1-e611-b353-d017c293d790', N'2017-12-03 01:00:00', N'2017-12-03 15:00:00', N'')
INSERT INTO [dbo].[Schedule] ([Id], [IdFlight], [IdFlightState], [DepartureDT], [ArrivalDT], [Comment]) VALUES (N'396936f4-94c8-48a6-b5e1-29fe66de6719', N'0a3cddeb-18d7-e611-b354-d017c293d790', N'5ebe4a2f-f0c1-e611-b353-d017c293d790', N'2017-09-17 01:00:00', N'2017-09-17 15:00:00', N'')
INSERT INTO [dbo].[Schedule] ([Id], [IdFlight], [IdFlightState], [DepartureDT], [ArrivalDT], [Comment]) VALUES (N'db31bf75-1280-4309-ab5e-2b810417de41', N'73497d33-19d7-e611-b354-d017c293d790', N'5ebe4a2f-f0c1-e611-b353-d017c293d790', N'2017-08-06 01:00:00', N'2017-08-06 15:00:00', N'')
INSERT INTO [dbo].[Schedule] ([Id], [IdFlight], [IdFlightState], [DepartureDT], [ArrivalDT], [Comment]) VALUES (N'b768065a-4e24-407b-b80f-2b8b85f21a54', N'7e68281a-19d7-e611-b354-d017c293d790', N'5ebe4a2f-f0c1-e611-b353-d017c293d790', N'2017-01-29 01:00:00', N'2017-01-29 15:00:00', N'')
INSERT INTO [dbo].[Schedule] ([Id], [IdFlight], [IdFlightState], [DepartureDT], [ArrivalDT], [Comment]) VALUES (N'b740fedd-ed5b-49ed-8618-2be0fd0f4db1', N'7e68281a-19d7-e611-b354-d017c293d790', N'5ebe4a2f-f0c1-e611-b353-d017c293d790', N'2017-02-26 01:00:00', N'2017-02-26 15:00:00', N'')
INSERT INTO [dbo].[Schedule] ([Id], [IdFlight], [IdFlightState], [DepartureDT], [ArrivalDT], [Comment]) VALUES (N'8b0dacd6-c034-4569-9f64-2c217829500b', N'f4441efa-18d7-e611-b354-d017c293d790', N'5ebe4a2f-f0c1-e611-b353-d017c293d790', N'2017-04-09 03:02:00', N'2017-04-09 15:00:00', N'')
INSERT INTO [dbo].[Schedule] ([Id], [IdFlight], [IdFlightState], [DepartureDT], [ArrivalDT], [Comment]) VALUES (N'f9d52fa2-2b16-4b1b-bf07-2d7a36d81541', N'f4441efa-18d7-e611-b354-d017c293d790', N'5ebe4a2f-f0c1-e611-b353-d017c293d790', N'2017-05-07 03:02:00', N'2017-05-07 15:00:00', N'')
INSERT INTO [dbo].[Schedule] ([Id], [IdFlight], [IdFlightState], [DepartureDT], [ArrivalDT], [Comment]) VALUES (N'798d8362-fb20-497a-b633-2dd02e805c1b', N'b33eae27-19d7-e611-b354-d017c293d790', N'5ebe4a2f-f0c1-e611-b353-d017c293d790', N'2017-10-15 01:00:00', N'2017-10-15 15:00:00', N'')
INSERT INTO [dbo].[Schedule] ([Id], [IdFlight], [IdFlightState], [DepartureDT], [ArrivalDT], [Comment]) VALUES (N'23c9372c-51fe-4f3e-83eb-2f2d10a86acb', N'bf11510d-19d7-e611-b354-d017c293d790', N'5ebe4a2f-f0c1-e611-b353-d017c293d790', N'2017-06-04 04:03:00', N'2017-06-04 15:00:00', N'')
INSERT INTO [dbo].[Schedule] ([Id], [IdFlight], [IdFlightState], [DepartureDT], [ArrivalDT], [Comment]) VALUES (N'3ee1af53-377f-455e-8793-2f42ef95b2bc', N'bf11510d-19d7-e611-b354-d017c293d790', N'5ebe4a2f-f0c1-e611-b353-d017c293d790', N'2017-06-18 04:03:00', N'2017-06-18 15:00:00', N'')
INSERT INTO [dbo].[Schedule] ([Id], [IdFlight], [IdFlightState], [DepartureDT], [ArrivalDT], [Comment]) VALUES (N'f7b476d6-1ddf-42a4-bb77-2f95ada26372', N'f4441efa-18d7-e611-b354-d017c293d790', N'5ebe4a2f-f0c1-e611-b353-d017c293d790', N'2017-12-10 03:02:00', N'2017-12-10 15:00:00', N'')
INSERT INTO [dbo].[Schedule] ([Id], [IdFlight], [IdFlightState], [DepartureDT], [ArrivalDT], [Comment]) VALUES (N'0b2afc7b-726d-471e-8e8c-3012c817b225', N'0a3cddeb-18d7-e611-b354-d017c293d790', N'5ebe4a2f-f0c1-e611-b353-d017c293d790', N'2017-11-05 01:00:00', N'2017-11-05 15:00:00', N'')
INSERT INTO [dbo].[Schedule] ([Id], [IdFlight], [IdFlightState], [DepartureDT], [ArrivalDT], [Comment]) VALUES (N'f32e8160-e457-4cd0-8371-3078a46829c9', N'7e68281a-19d7-e611-b354-d017c293d790', N'5ebe4a2f-f0c1-e611-b353-d017c293d790', N'2017-12-03 01:00:00', N'2017-12-03 15:00:00', N'')
INSERT INTO [dbo].[Schedule] ([Id], [IdFlight], [IdFlightState], [DepartureDT], [ArrivalDT], [Comment]) VALUES (N'f13d229e-5252-437a-a00d-313885193808', N'0a3cddeb-18d7-e611-b354-d017c293d790', N'5ebe4a2f-f0c1-e611-b353-d017c293d790', N'2017-08-06 01:00:00', N'2017-08-06 15:00:00', N'')
INSERT INTO [dbo].[Schedule] ([Id], [IdFlight], [IdFlightState], [DepartureDT], [ArrivalDT], [Comment]) VALUES (N'1bfa4fc8-21e7-44a7-9913-33433e5602a6', N'bf11510d-19d7-e611-b354-d017c293d790', N'5ebe4a2f-f0c1-e611-b353-d017c293d790', N'2017-07-16 04:03:00', N'2017-07-16 15:00:00', N'')
INSERT INTO [dbo].[Schedule] ([Id], [IdFlight], [IdFlightState], [DepartureDT], [ArrivalDT], [Comment]) VALUES (N'6ccb0130-8bed-45ca-ba19-3354a49c6d61', N'0a3cddeb-18d7-e611-b354-d017c293d790', N'5ebe4a2f-f0c1-e611-b353-d017c293d790', N'2017-12-03 01:00:00', N'2017-12-03 15:00:00', N'')
INSERT INTO [dbo].[Schedule] ([Id], [IdFlight], [IdFlightState], [DepartureDT], [ArrivalDT], [Comment]) VALUES (N'052741c2-6226-4a80-9dd2-3421be35620c', N'f4441efa-18d7-e611-b354-d017c293d790', N'5ebe4a2f-f0c1-e611-b353-d017c293d790', N'2017-07-30 03:02:00', N'2017-07-30 15:00:00', N'')
INSERT INTO [dbo].[Schedule] ([Id], [IdFlight], [IdFlightState], [DepartureDT], [ArrivalDT], [Comment]) VALUES (N'a7bec3ca-2342-4c72-a311-3430b9f9ff3a', N'b33eae27-19d7-e611-b354-d017c293d790', N'5ebe4a2f-f0c1-e611-b353-d017c293d790', N'2017-07-30 01:00:00', N'2017-07-30 15:00:00', N'')
INSERT INTO [dbo].[Schedule] ([Id], [IdFlight], [IdFlightState], [DepartureDT], [ArrivalDT], [Comment]) VALUES (N'5dc72b0a-1203-4905-bb66-38326ad42adc', N'7e68281a-19d7-e611-b354-d017c293d790', N'5ebe4a2f-f0c1-e611-b353-d017c293d790', N'2017-09-17 01:00:00', N'2017-09-17 15:00:00', N'')
INSERT INTO [dbo].[Schedule] ([Id], [IdFlight], [IdFlightState], [DepartureDT], [ArrivalDT], [Comment]) VALUES (N'887c65f3-1d8b-4077-94de-384e15c75f06', N'0a3cddeb-18d7-e611-b354-d017c293d790', N'5ebe4a2f-f0c1-e611-b353-d017c293d790', N'2017-04-23 01:00:00', N'2017-04-23 15:00:00', N'')
INSERT INTO [dbo].[Schedule] ([Id], [IdFlight], [IdFlightState], [DepartureDT], [ArrivalDT], [Comment]) VALUES (N'78abc721-767b-4843-bcbd-38ee5c679a53', N'0a3cddeb-18d7-e611-b354-d017c293d790', N'5ebe4a2f-f0c1-e611-b353-d017c293d790', N'2017-10-01 01:00:00', N'2017-10-01 15:00:00', N'')
INSERT INTO [dbo].[Schedule] ([Id], [IdFlight], [IdFlightState], [DepartureDT], [ArrivalDT], [Comment]) VALUES (N'672cfc44-7575-48bc-9b62-39064e9e3c81', N'bf11510d-19d7-e611-b354-d017c293d790', N'5ebe4a2f-f0c1-e611-b353-d017c293d790', N'2017-08-06 04:03:00', N'2017-08-06 15:00:00', N'')
INSERT INTO [dbo].[Schedule] ([Id], [IdFlight], [IdFlightState], [DepartureDT], [ArrivalDT], [Comment]) VALUES (N'b1cf47ca-97cd-4617-bf75-3927a6f79f97', N'bf11510d-19d7-e611-b354-d017c293d790', N'5ebe4a2f-f0c1-e611-b353-d017c293d790', N'2017-04-23 04:03:00', N'2017-04-23 15:00:00', N'')
INSERT INTO [dbo].[Schedule] ([Id], [IdFlight], [IdFlightState], [DepartureDT], [ArrivalDT], [Comment]) VALUES (N'335d7d64-1476-465b-9921-3ae4fbb11a6d', N'0a3cddeb-18d7-e611-b354-d017c293d790', N'5ebe4a2f-f0c1-e611-b353-d017c293d790', N'2017-02-19 01:00:00', N'2017-02-19 15:00:00', N'')
INSERT INTO [dbo].[Schedule] ([Id], [IdFlight], [IdFlightState], [DepartureDT], [ArrivalDT], [Comment]) VALUES (N'71d07bd4-0445-4c1a-b5a4-3b55c0289a67', N'b33eae27-19d7-e611-b354-d017c293d790', N'5ebe4a2f-f0c1-e611-b353-d017c293d790', N'2017-02-05 01:00:00', N'2017-02-05 15:00:00', N'')
INSERT INTO [dbo].[Schedule] ([Id], [IdFlight], [IdFlightState], [DepartureDT], [ArrivalDT], [Comment]) VALUES (N'b44408b9-cf05-4c78-ae99-3b702630d534', N'f4441efa-18d7-e611-b354-d017c293d790', N'5ebe4a2f-f0c1-e611-b353-d017c293d790', N'2017-06-18 03:02:00', N'2017-06-18 15:00:00', N'')
INSERT INTO [dbo].[Schedule] ([Id], [IdFlight], [IdFlightState], [DepartureDT], [ArrivalDT], [Comment]) VALUES (N'39342eff-4d3f-4e4b-ad0d-3fa5979e07eb', N'b33eae27-19d7-e611-b354-d017c293d790', N'5ebe4a2f-f0c1-e611-b353-d017c293d790', N'2017-05-14 01:00:00', N'2017-05-14 15:00:00', N'')
INSERT INTO [dbo].[Schedule] ([Id], [IdFlight], [IdFlightState], [DepartureDT], [ArrivalDT], [Comment]) VALUES (N'959823fe-c4db-4024-a7cb-3fa94520891a', N'73497d33-19d7-e611-b354-d017c293d790', N'5ebe4a2f-f0c1-e611-b353-d017c293d790', N'2017-07-30 01:00:00', N'2017-07-30 15:00:00', N'')
INSERT INTO [dbo].[Schedule] ([Id], [IdFlight], [IdFlightState], [DepartureDT], [ArrivalDT], [Comment]) VALUES (N'4f951377-0281-4a43-b1b0-40a7c1dbf4c5', N'7e68281a-19d7-e611-b354-d017c293d790', N'5ebe4a2f-f0c1-e611-b353-d017c293d790', N'2017-05-21 01:00:00', N'2017-05-21 15:00:00', N'')
INSERT INTO [dbo].[Schedule] ([Id], [IdFlight], [IdFlightState], [DepartureDT], [ArrivalDT], [Comment]) VALUES (N'5543049a-16ef-4414-ae5d-40ba4c28a40d', N'b33eae27-19d7-e611-b354-d017c293d790', N'5ebe4a2f-f0c1-e611-b353-d017c293d790', N'2017-01-15 01:00:00', N'2017-01-15 15:00:00', N'')
INSERT INTO [dbo].[Schedule] ([Id], [IdFlight], [IdFlightState], [DepartureDT], [ArrivalDT], [Comment]) VALUES (N'3a86c822-1160-4c4f-b5f3-412d3f8e53cd', N'bf11510d-19d7-e611-b354-d017c293d790', N'5ebe4a2f-f0c1-e611-b353-d017c293d790', N'2017-07-23 04:03:00', N'2017-07-23 15:00:00', N'')
INSERT INTO [dbo].[Schedule] ([Id], [IdFlight], [IdFlightState], [DepartureDT], [ArrivalDT], [Comment]) VALUES (N'e0dec3a6-bddb-4204-b5f6-4132d5aa2adb', N'f4441efa-18d7-e611-b354-d017c293d790', N'5ebe4a2f-f0c1-e611-b353-d017c293d790', N'2017-12-24 03:02:00', N'2017-12-24 15:00:00', N'')
INSERT INTO [dbo].[Schedule] ([Id], [IdFlight], [IdFlightState], [DepartureDT], [ArrivalDT], [Comment]) VALUES (N'797896d9-2486-447e-872e-41d50225c309', N'bf11510d-19d7-e611-b354-d017c293d790', N'5ebe4a2f-f0c1-e611-b353-d017c293d790', N'2017-12-31 04:03:00', N'2017-12-31 15:00:00', N'')
INSERT INTO [dbo].[Schedule] ([Id], [IdFlight], [IdFlightState], [DepartureDT], [ArrivalDT], [Comment]) VALUES (N'045fd77d-de14-4cd1-b9d0-42b0a14035b0', N'7e68281a-19d7-e611-b354-d017c293d790', N'5ebe4a2f-f0c1-e611-b353-d017c293d790', N'2017-12-31 01:00:00', N'2017-12-31 15:00:00', N'')
INSERT INTO [dbo].[Schedule] ([Id], [IdFlight], [IdFlightState], [DepartureDT], [ArrivalDT], [Comment]) VALUES (N'ef5a47af-1d6f-4e40-83eb-42f38abfd262', N'0a3cddeb-18d7-e611-b354-d017c293d790', N'5ebe4a2f-f0c1-e611-b353-d017c293d790', N'2017-03-19 01:00:00', N'2017-03-19 15:00:00', N'')
INSERT INTO [dbo].[Schedule] ([Id], [IdFlight], [IdFlightState], [DepartureDT], [ArrivalDT], [Comment]) VALUES (N'95da6b65-0c7a-42f5-bca5-4360a200fca2', N'0a3cddeb-18d7-e611-b354-d017c293d790', N'5ebe4a2f-f0c1-e611-b353-d017c293d790', N'2017-01-22 01:00:00', N'2017-01-22 15:00:00', N'')
INSERT INTO [dbo].[Schedule] ([Id], [IdFlight], [IdFlightState], [DepartureDT], [ArrivalDT], [Comment]) VALUES (N'b4160c10-5b10-4376-928d-43964449de90', N'7e68281a-19d7-e611-b354-d017c293d790', N'5ebe4a2f-f0c1-e611-b353-d017c293d790', N'2017-01-08 01:00:00', N'2017-01-08 15:00:00', N'')
INSERT INTO [dbo].[Schedule] ([Id], [IdFlight], [IdFlightState], [DepartureDT], [ArrivalDT], [Comment]) VALUES (N'e75669ed-18d5-4b1f-840e-43feab75fc18', N'73497d33-19d7-e611-b354-d017c293d790', N'5ebe4a2f-f0c1-e611-b353-d017c293d790', N'2017-04-30 01:00:00', N'2017-04-30 15:00:00', N'')
INSERT INTO [dbo].[Schedule] ([Id], [IdFlight], [IdFlightState], [DepartureDT], [ArrivalDT], [Comment]) VALUES (N'3c22e0ca-35ca-4415-a7a7-476882ed34b5', N'bf11510d-19d7-e611-b354-d017c293d790', N'5ebe4a2f-f0c1-e611-b353-d017c293d790', N'2017-09-17 04:03:00', N'2017-09-17 15:00:00', N'')
INSERT INTO [dbo].[Schedule] ([Id], [IdFlight], [IdFlightState], [DepartureDT], [ArrivalDT], [Comment]) VALUES (N'876ed4f9-3d63-4b3e-8442-48252aacc000', N'73497d33-19d7-e611-b354-d017c293d790', N'5ebe4a2f-f0c1-e611-b353-d017c293d790', N'2017-07-23 01:00:00', N'2017-07-23 15:00:00', N'')
INSERT INTO [dbo].[Schedule] ([Id], [IdFlight], [IdFlightState], [DepartureDT], [ArrivalDT], [Comment]) VALUES (N'e1e84ad4-7595-4d8e-856b-491b728d0a3d', N'73497d33-19d7-e611-b354-d017c293d790', N'5ebe4a2f-f0c1-e611-b353-d017c293d790', N'2017-03-12 01:00:00', N'2017-03-12 15:00:00', N'')
INSERT INTO [dbo].[Schedule] ([Id], [IdFlight], [IdFlightState], [DepartureDT], [ArrivalDT], [Comment]) VALUES (N'ad1c11d3-c594-4f8c-b79f-495524356424', N'7e68281a-19d7-e611-b354-d017c293d790', N'5ebe4a2f-f0c1-e611-b353-d017c293d790', N'2017-12-17 01:00:00', N'2017-12-17 15:00:00', N'')
INSERT INTO [dbo].[Schedule] ([Id], [IdFlight], [IdFlightState], [DepartureDT], [ArrivalDT], [Comment]) VALUES (N'ad54f2dc-d9eb-40fc-b083-4bd6248deca5', N'bf11510d-19d7-e611-b354-d017c293d790', N'5ebe4a2f-f0c1-e611-b353-d017c293d790', N'2017-03-19 04:03:00', N'2017-03-19 15:00:00', N'')
INSERT INTO [dbo].[Schedule] ([Id], [IdFlight], [IdFlightState], [DepartureDT], [ArrivalDT], [Comment]) VALUES (N'2bf476f7-7374-49b0-b609-4d8d18fa6e0d', N'f4441efa-18d7-e611-b354-d017c293d790', N'5ebe4a2f-f0c1-e611-b353-d017c293d790', N'2017-09-10 03:02:00', N'2017-09-10 15:00:00', N'')
INSERT INTO [dbo].[Schedule] ([Id], [IdFlight], [IdFlightState], [DepartureDT], [ArrivalDT], [Comment]) VALUES (N'59d92a52-cab4-41d0-83f6-502f78518894', N'0a3cddeb-18d7-e611-b354-d017c293d790', N'5ebe4a2f-f0c1-e611-b353-d017c293d790', N'2017-04-16 01:00:00', N'2017-04-16 15:00:00', N'')
INSERT INTO [dbo].[Schedule] ([Id], [IdFlight], [IdFlightState], [DepartureDT], [ArrivalDT], [Comment]) VALUES (N'e3ecf8c1-4c70-48e7-933c-50fcd055c561', N'7e68281a-19d7-e611-b354-d017c293d790', N'5ebe4a2f-f0c1-e611-b353-d017c293d790', N'2017-07-16 01:00:00', N'2017-07-16 15:00:00', N'')
INSERT INTO [dbo].[Schedule] ([Id], [IdFlight], [IdFlightState], [DepartureDT], [ArrivalDT], [Comment]) VALUES (N'4fe6f3ec-1187-4f6b-8cfc-518d09045155', N'7e68281a-19d7-e611-b354-d017c293d790', N'5ebe4a2f-f0c1-e611-b353-d017c293d790', N'2017-03-05 01:00:00', N'2017-03-05 15:00:00', N'')
INSERT INTO [dbo].[Schedule] ([Id], [IdFlight], [IdFlightState], [DepartureDT], [ArrivalDT], [Comment]) VALUES (N'e2311bf9-c5b2-4c2b-a7b6-51cc5dc27b2c', N'bf11510d-19d7-e611-b354-d017c293d790', N'5ebe4a2f-f0c1-e611-b353-d017c293d790', N'2017-08-20 04:03:00', N'2017-08-20 15:00:00', N'')
INSERT INTO [dbo].[Schedule] ([Id], [IdFlight], [IdFlightState], [DepartureDT], [ArrivalDT], [Comment]) VALUES (N'cd8028af-b98c-4ca2-a1c5-52e18df52f94', N'73497d33-19d7-e611-b354-d017c293d790', N'5ebe4a2f-f0c1-e611-b353-d017c293d790', N'2017-10-15 01:00:00', N'2017-10-15 15:00:00', N'')
INSERT INTO [dbo].[Schedule] ([Id], [IdFlight], [IdFlightState], [DepartureDT], [ArrivalDT], [Comment]) VALUES (N'b95a2585-1c8d-4d79-9780-54ff1c6b3b3d', N'bf11510d-19d7-e611-b354-d017c293d790', N'5ebe4a2f-f0c1-e611-b353-d017c293d790', N'2017-03-05 04:03:00', N'2017-03-05 15:00:00', N'')
INSERT INTO [dbo].[Schedule] ([Id], [IdFlight], [IdFlightState], [DepartureDT], [ArrivalDT], [Comment]) VALUES (N'6bc63c9f-6af8-4e65-9c35-557cb0bf24e8', N'b33eae27-19d7-e611-b354-d017c293d790', N'5ebe4a2f-f0c1-e611-b353-d017c293d790', N'2017-01-08 01:00:00', N'2017-01-08 15:00:00', N'')
INSERT INTO [dbo].[Schedule] ([Id], [IdFlight], [IdFlightState], [DepartureDT], [ArrivalDT], [Comment]) VALUES (N'6edfd250-f26c-4b88-8472-55fba3463f8d', N'b33eae27-19d7-e611-b354-d017c293d790', N'5ebe4a2f-f0c1-e611-b353-d017c293d790', N'2017-08-13 01:00:00', N'2017-08-13 15:00:00', N'')
INSERT INTO [dbo].[Schedule] ([Id], [IdFlight], [IdFlightState], [DepartureDT], [ArrivalDT], [Comment]) VALUES (N'8ad8579f-21b3-4fb8-811a-57d133103310', N'f4441efa-18d7-e611-b354-d017c293d790', N'5ebe4a2f-f0c1-e611-b353-d017c293d790', N'2017-08-13 03:02:00', N'2017-08-13 15:00:00', N'')
INSERT INTO [dbo].[Schedule] ([Id], [IdFlight], [IdFlightState], [DepartureDT], [ArrivalDT], [Comment]) VALUES (N'3b1422a5-eca5-4f92-9170-5812b0adcdb1', N'73497d33-19d7-e611-b354-d017c293d790', N'5ebe4a2f-f0c1-e611-b353-d017c293d790', N'2017-06-18 01:00:00', N'2017-06-18 15:00:00', N'')
INSERT INTO [dbo].[Schedule] ([Id], [IdFlight], [IdFlightState], [DepartureDT], [ArrivalDT], [Comment]) VALUES (N'fa595f57-2875-4ac6-af4c-5832a9452f07', N'73497d33-19d7-e611-b354-d017c293d790', N'5ebe4a2f-f0c1-e611-b353-d017c293d790', N'2017-02-26 01:00:00', N'2017-02-26 15:00:00', N'')
INSERT INTO [dbo].[Schedule] ([Id], [IdFlight], [IdFlightState], [DepartureDT], [ArrivalDT], [Comment]) VALUES (N'e5e2326f-840a-44f2-a32b-58f4e00067ea', N'bf11510d-19d7-e611-b354-d017c293d790', N'5ebe4a2f-f0c1-e611-b353-d017c293d790', N'2017-08-27 04:03:00', N'2017-08-27 15:00:00', N'')
INSERT INTO [dbo].[Schedule] ([Id], [IdFlight], [IdFlightState], [DepartureDT], [ArrivalDT], [Comment]) VALUES (N'4298a715-e3f7-4a4c-b646-58f56ad4f619', N'0a3cddeb-18d7-e611-b354-d017c293d790', N'5ebe4a2f-f0c1-e611-b353-d017c293d790', N'2017-09-03 01:00:00', N'2017-09-03 15:00:00', N'')
INSERT INTO [dbo].[Schedule] ([Id], [IdFlight], [IdFlightState], [DepartureDT], [ArrivalDT], [Comment]) VALUES (N'965c5f51-188e-441b-bcb5-590dc9f8cabb', N'73497d33-19d7-e611-b354-d017c293d790', N'5ebe4a2f-f0c1-e611-b353-d017c293d790', N'2017-09-24 01:00:00', N'2017-09-24 15:00:00', N'')
INSERT INTO [dbo].[Schedule] ([Id], [IdFlight], [IdFlightState], [DepartureDT], [ArrivalDT], [Comment]) VALUES (N'de955ce4-b063-4d5a-87f1-5e0968573f1d', N'bf11510d-19d7-e611-b354-d017c293d790', N'5ebe4a2f-f0c1-e611-b353-d017c293d790', N'2017-03-12 04:03:00', N'2017-03-12 15:00:00', N'')
INSERT INTO [dbo].[Schedule] ([Id], [IdFlight], [IdFlightState], [DepartureDT], [ArrivalDT], [Comment]) VALUES (N'2daec877-4de4-4f6d-bb14-5f5fe4084512', N'7e68281a-19d7-e611-b354-d017c293d790', N'5ebe4a2f-f0c1-e611-b353-d017c293d790', N'2017-10-29 01:00:00', N'2017-10-29 15:00:00', N'')
INSERT INTO [dbo].[Schedule] ([Id], [IdFlight], [IdFlightState], [DepartureDT], [ArrivalDT], [Comment]) VALUES (N'8334492c-9e2e-4399-9289-5f7778daa2a9', N'0a3cddeb-18d7-e611-b354-d017c293d790', N'5ebe4a2f-f0c1-e611-b353-d017c293d790', N'2017-11-26 01:00:00', N'2017-11-26 15:00:00', N'')
INSERT INTO [dbo].[Schedule] ([Id], [IdFlight], [IdFlightState], [DepartureDT], [ArrivalDT], [Comment]) VALUES (N'57b469d1-cf5f-41a4-a5c5-5f861d1017ee', N'7e68281a-19d7-e611-b354-d017c293d790', N'5ebe4a2f-f0c1-e611-b353-d017c293d790', N'2017-07-09 01:00:00', N'2017-07-09 15:00:00', N'')
INSERT INTO [dbo].[Schedule] ([Id], [IdFlight], [IdFlightState], [DepartureDT], [ArrivalDT], [Comment]) VALUES (N'4df41ca0-aa35-43d1-bd20-5fb1c2ad9bc5', N'bf11510d-19d7-e611-b354-d017c293d790', N'5ebe4a2f-f0c1-e611-b353-d017c293d790', N'2017-09-24 04:03:00', N'2017-09-24 15:00:00', N'')
INSERT INTO [dbo].[Schedule] ([Id], [IdFlight], [IdFlightState], [DepartureDT], [ArrivalDT], [Comment]) VALUES (N'097bc0dc-8be8-4fd7-aa5a-6016b99fe8fe', N'7e68281a-19d7-e611-b354-d017c293d790', N'5ebe4a2f-f0c1-e611-b353-d017c293d790', N'2017-01-01 01:00:00', N'2017-01-01 15:00:00', N'')
INSERT INTO [dbo].[Schedule] ([Id], [IdFlight], [IdFlightState], [DepartureDT], [ArrivalDT], [Comment]) VALUES (N'feff1874-3060-4457-a5ca-60bfd42845ae', N'f4441efa-18d7-e611-b354-d017c293d790', N'5ebe4a2f-f0c1-e611-b353-d017c293d790', N'2017-05-28 03:02:00', N'2017-05-28 15:00:00', N'')
INSERT INTO [dbo].[Schedule] ([Id], [IdFlight], [IdFlightState], [DepartureDT], [ArrivalDT], [Comment]) VALUES (N'a2110b94-9812-47a4-ae81-60ec683d9a9f', N'bf11510d-19d7-e611-b354-d017c293d790', N'5ebe4a2f-f0c1-e611-b353-d017c293d790', N'2017-01-29 04:03:00', N'2017-01-29 15:00:00', N'')
INSERT INTO [dbo].[Schedule] ([Id], [IdFlight], [IdFlightState], [DepartureDT], [ArrivalDT], [Comment]) VALUES (N'3f58bc58-3844-4a85-abd7-6140048c4155', N'f4441efa-18d7-e611-b354-d017c293d790', N'5ebe4a2f-f0c1-e611-b353-d017c293d790', N'2017-09-24 03:02:00', N'2017-09-24 15:00:00', N'')
INSERT INTO [dbo].[Schedule] ([Id], [IdFlight], [IdFlightState], [DepartureDT], [ArrivalDT], [Comment]) VALUES (N'4a934c96-029e-41ec-90f3-61672fa70a33', N'7e68281a-19d7-e611-b354-d017c293d790', N'5ebe4a2f-f0c1-e611-b353-d017c293d790', N'2017-08-27 01:00:00', N'2017-08-27 15:00:00', N'')
INSERT INTO [dbo].[Schedule] ([Id], [IdFlight], [IdFlightState], [DepartureDT], [ArrivalDT], [Comment]) VALUES (N'bc75727c-f53c-4643-8603-61e7aee630b0', N'f4441efa-18d7-e611-b354-d017c293d790', N'5ebe4a2f-f0c1-e611-b353-d017c293d790', N'2017-03-26 03:02:00', N'2017-03-26 15:00:00', N'')
INSERT INTO [dbo].[Schedule] ([Id], [IdFlight], [IdFlightState], [DepartureDT], [ArrivalDT], [Comment]) VALUES (N'8c2f9b45-2940-4b8d-8492-629ddaccf498', N'73497d33-19d7-e611-b354-d017c293d790', N'5ebe4a2f-f0c1-e611-b353-d017c293d790', N'2017-04-09 01:00:00', N'2017-04-09 15:00:00', N'')
INSERT INTO [dbo].[Schedule] ([Id], [IdFlight], [IdFlightState], [DepartureDT], [ArrivalDT], [Comment]) VALUES (N'545ea9a4-037d-4491-8b29-630c367e5ed3', N'bf11510d-19d7-e611-b354-d017c293d790', N'5ebe4a2f-f0c1-e611-b353-d017c293d790', N'2017-11-12 04:03:00', N'2017-11-12 15:00:00', N'')
INSERT INTO [dbo].[Schedule] ([Id], [IdFlight], [IdFlightState], [DepartureDT], [ArrivalDT], [Comment]) VALUES (N'c2686156-883a-4c99-95c5-6445ac38519d', N'bf11510d-19d7-e611-b354-d017c293d790', N'5ebe4a2f-f0c1-e611-b353-d017c293d790', N'2017-08-13 04:03:00', N'2017-08-13 15:00:00', N'')
INSERT INTO [dbo].[Schedule] ([Id], [IdFlight], [IdFlightState], [DepartureDT], [ArrivalDT], [Comment]) VALUES (N'abfed66d-9f14-4495-ac98-6bb5d8cf8ff1', N'0a3cddeb-18d7-e611-b354-d017c293d790', N'5ebe4a2f-f0c1-e611-b353-d017c293d790', N'2017-08-27 01:00:00', N'2017-08-27 15:00:00', N'')
INSERT INTO [dbo].[Schedule] ([Id], [IdFlight], [IdFlightState], [DepartureDT], [ArrivalDT], [Comment]) VALUES (N'81217b2d-e9b5-4d3e-9c40-6c0378d460c2', N'bf11510d-19d7-e611-b354-d017c293d790', N'5ebe4a2f-f0c1-e611-b353-d017c293d790', N'2017-01-08 04:03:00', N'2017-01-08 15:00:00', N'')
INSERT INTO [dbo].[Schedule] ([Id], [IdFlight], [IdFlightState], [DepartureDT], [ArrivalDT], [Comment]) VALUES (N'75068ead-24d4-4bd9-8e6c-6d6629ed82f5', N'bf11510d-19d7-e611-b354-d017c293d790', N'5ebe4a2f-f0c1-e611-b353-d017c293d790', N'2017-07-30 04:03:00', N'2017-07-30 15:00:00', N'')
INSERT INTO [dbo].[Schedule] ([Id], [IdFlight], [IdFlightState], [DepartureDT], [ArrivalDT], [Comment]) VALUES (N'cffba045-120a-46bf-801f-6ddb41ddf985', N'bf11510d-19d7-e611-b354-d017c293d790', N'5ebe4a2f-f0c1-e611-b353-d017c293d790', N'2017-10-15 04:03:00', N'2017-10-15 15:00:00', N'')
INSERT INTO [dbo].[Schedule] ([Id], [IdFlight], [IdFlightState], [DepartureDT], [ArrivalDT], [Comment]) VALUES (N'e0b51015-8e3a-49af-a7df-6e06749b64ac', N'7e68281a-19d7-e611-b354-d017c293d790', N'5ebe4a2f-f0c1-e611-b353-d017c293d790', N'2017-11-26 01:00:00', N'2017-11-26 15:00:00', N'')
INSERT INTO [dbo].[Schedule] ([Id], [IdFlight], [IdFlightState], [DepartureDT], [ArrivalDT], [Comment]) VALUES (N'4d1d74de-f019-4905-a2ec-6e3a7256a463', N'b33eae27-19d7-e611-b354-d017c293d790', N'5ebe4a2f-f0c1-e611-b353-d017c293d790', N'2017-01-22 01:00:00', N'2017-01-22 15:00:00', N'')
INSERT INTO [dbo].[Schedule] ([Id], [IdFlight], [IdFlightState], [DepartureDT], [ArrivalDT], [Comment]) VALUES (N'47930fb3-f784-428e-82ec-702510d1678e', N'7e68281a-19d7-e611-b354-d017c293d790', N'5ebe4a2f-f0c1-e611-b353-d017c293d790', N'2017-03-19 01:00:00', N'2017-03-19 15:00:00', N'')
INSERT INTO [dbo].[Schedule] ([Id], [IdFlight], [IdFlightState], [DepartureDT], [ArrivalDT], [Comment]) VALUES (N'6d0c50e9-d405-4e93-9fca-715b80c67f2b', N'7e68281a-19d7-e611-b354-d017c293d790', N'5ebe4a2f-f0c1-e611-b353-d017c293d790', N'2017-11-19 01:00:00', N'2017-11-19 15:00:00', N'')
INSERT INTO [dbo].[Schedule] ([Id], [IdFlight], [IdFlightState], [DepartureDT], [ArrivalDT], [Comment]) VALUES (N'aee7195c-1c3f-4317-9dcc-7242d19dfea1', N'bf11510d-19d7-e611-b354-d017c293d790', N'5ebe4a2f-f0c1-e611-b353-d017c293d790', N'2017-05-28 04:03:00', N'2017-05-28 15:00:00', N'')
INSERT INTO [dbo].[Schedule] ([Id], [IdFlight], [IdFlightState], [DepartureDT], [ArrivalDT], [Comment]) VALUES (N'd0d2b369-0a60-4f6a-b9a7-731ca8343081', N'73497d33-19d7-e611-b354-d017c293d790', N'5ebe4a2f-f0c1-e611-b353-d017c293d790', N'2017-01-22 01:00:00', N'2017-01-22 15:00:00', N'')
INSERT INTO [dbo].[Schedule] ([Id], [IdFlight], [IdFlightState], [DepartureDT], [ArrivalDT], [Comment]) VALUES (N'2a712720-48c5-4369-8787-7326c3b2011a', N'7e68281a-19d7-e611-b354-d017c293d790', N'5ebe4a2f-f0c1-e611-b353-d017c293d790', N'2017-03-26 01:00:00', N'2017-03-26 15:00:00', N'')
INSERT INTO [dbo].[Schedule] ([Id], [IdFlight], [IdFlightState], [DepartureDT], [ArrivalDT], [Comment]) VALUES (N'58674c3a-bcdf-4bf1-83ff-736274748b1b', N'f4441efa-18d7-e611-b354-d017c293d790', N'5ebe4a2f-f0c1-e611-b353-d017c293d790', N'2017-12-17 03:02:00', N'2017-12-17 15:00:00', N'')
INSERT INTO [dbo].[Schedule] ([Id], [IdFlight], [IdFlightState], [DepartureDT], [ArrivalDT], [Comment]) VALUES (N'0ed635ed-b9ad-4a3c-bb19-743b9b880c33', N'73497d33-19d7-e611-b354-d017c293d790', N'5ebe4a2f-f0c1-e611-b353-d017c293d790', N'2017-05-07 01:00:00', N'2017-05-07 15:00:00', N'')
INSERT INTO [dbo].[Schedule] ([Id], [IdFlight], [IdFlightState], [DepartureDT], [ArrivalDT], [Comment]) VALUES (N'069597eb-5a2c-41ac-a724-7527b39057a6', N'f4441efa-18d7-e611-b354-d017c293d790', N'5ebe4a2f-f0c1-e611-b353-d017c293d790', N'2017-05-14 03:02:00', N'2017-05-14 15:00:00', N'')
INSERT INTO [dbo].[Schedule] ([Id], [IdFlight], [IdFlightState], [DepartureDT], [ArrivalDT], [Comment]) VALUES (N'0cddbb95-69f2-4040-98ad-76a26601dbe6', N'b33eae27-19d7-e611-b354-d017c293d790', N'5ebe4a2f-f0c1-e611-b353-d017c293d790', N'2017-09-17 01:00:00', N'2017-09-17 15:00:00', N'')
INSERT INTO [dbo].[Schedule] ([Id], [IdFlight], [IdFlightState], [DepartureDT], [ArrivalDT], [Comment]) VALUES (N'085cd052-128c-4ccb-8e82-78a3eb7f0dcb', N'0a3cddeb-18d7-e611-b354-d017c293d790', N'5ebe4a2f-f0c1-e611-b353-d017c293d790', N'2017-11-12 01:00:00', N'2017-11-12 15:00:00', N'')
INSERT INTO [dbo].[Schedule] ([Id], [IdFlight], [IdFlightState], [DepartureDT], [ArrivalDT], [Comment]) VALUES (N'309a25f6-c687-4313-b497-799e163c23fa', N'b33eae27-19d7-e611-b354-d017c293d790', N'5ebe4a2f-f0c1-e611-b353-d017c293d790', N'2017-01-29 01:00:00', N'2017-01-29 15:00:00', N'')
INSERT INTO [dbo].[Schedule] ([Id], [IdFlight], [IdFlightState], [DepartureDT], [ArrivalDT], [Comment]) VALUES (N'8684af00-4bdf-4fb1-b1b6-7a3217ab9182', N'73497d33-19d7-e611-b354-d017c293d790', N'5ebe4a2f-f0c1-e611-b353-d017c293d790', N'2017-02-12 01:00:00', N'2017-02-12 15:00:00', N'')
INSERT INTO [dbo].[Schedule] ([Id], [IdFlight], [IdFlightState], [DepartureDT], [ArrivalDT], [Comment]) VALUES (N'25a266cb-a828-4e36-99a8-7b3d1c1afe14', N'0a3cddeb-18d7-e611-b354-d017c293d790', N'5ebe4a2f-f0c1-e611-b353-d017c293d790', N'2017-12-31 01:00:00', N'2017-12-31 15:00:00', N'')
INSERT INTO [dbo].[Schedule] ([Id], [IdFlight], [IdFlightState], [DepartureDT], [ArrivalDT], [Comment]) VALUES (N'bd773752-2e27-498c-a924-7b82219a3cd6', N'73497d33-19d7-e611-b354-d017c293d790', N'5ebe4a2f-f0c1-e611-b353-d017c293d790', N'2017-12-10 01:00:00', N'2017-12-10 15:00:00', N'')
INSERT INTO [dbo].[Schedule] ([Id], [IdFlight], [IdFlightState], [DepartureDT], [ArrivalDT], [Comment]) VALUES (N'56e773c5-0fed-4a38-b1ea-7be6b181eb4c', N'7e68281a-19d7-e611-b354-d017c293d790', N'5ebe4a2f-f0c1-e611-b353-d017c293d790', N'2017-10-22 01:00:00', N'2017-10-22 15:00:00', N'')
INSERT INTO [dbo].[Schedule] ([Id], [IdFlight], [IdFlightState], [DepartureDT], [ArrivalDT], [Comment]) VALUES (N'82c7b911-851d-4138-8d6b-7c960e8170cb', N'f4441efa-18d7-e611-b354-d017c293d790', N'5ebe4a2f-f0c1-e611-b353-d017c293d790', N'2017-01-29 03:02:00', N'2017-01-29 15:00:00', N'')
INSERT INTO [dbo].[Schedule] ([Id], [IdFlight], [IdFlightState], [DepartureDT], [ArrivalDT], [Comment]) VALUES (N'9208d37e-dd3b-43dd-bead-7cfed6f42edf', N'b33eae27-19d7-e611-b354-d017c293d790', N'5ebe4a2f-f0c1-e611-b353-d017c293d790', N'2017-10-29 01:00:00', N'2017-10-29 15:00:00', N'')
INSERT INTO [dbo].[Schedule] ([Id], [IdFlight], [IdFlightState], [DepartureDT], [ArrivalDT], [Comment]) VALUES (N'9b1e73a2-a750-4bfb-9b08-7eabe8cfd4bc', N'0a3cddeb-18d7-e611-b354-d017c293d790', N'5ebe4a2f-f0c1-e611-b353-d017c293d790', N'2017-05-07 01:00:00', N'2017-05-07 15:00:00', N'')
INSERT INTO [dbo].[Schedule] ([Id], [IdFlight], [IdFlightState], [DepartureDT], [ArrivalDT], [Comment]) VALUES (N'c7670e07-750b-4a1e-bc49-8128d6ac6f99', N'73497d33-19d7-e611-b354-d017c293d790', N'5ebe4a2f-f0c1-e611-b353-d017c293d790', N'2017-04-23 01:00:00', N'2017-04-23 15:00:00', N'')
INSERT INTO [dbo].[Schedule] ([Id], [IdFlight], [IdFlightState], [DepartureDT], [ArrivalDT], [Comment]) VALUES (N'd0aabcd7-c0d0-4eaa-8069-859d2345f476', N'b33eae27-19d7-e611-b354-d017c293d790', N'5ebe4a2f-f0c1-e611-b353-d017c293d790', N'2017-05-28 01:00:00', N'2017-05-28 15:00:00', N'')
INSERT INTO [dbo].[Schedule] ([Id], [IdFlight], [IdFlightState], [DepartureDT], [ArrivalDT], [Comment]) VALUES (N'014e0918-ad9d-4206-a7de-86fc66e9c240', N'f4441efa-18d7-e611-b354-d017c293d790', N'5ebe4a2f-f0c1-e611-b353-d017c293d790', N'2017-01-22 03:02:00', N'2017-01-22 15:00:00', N'')
INSERT INTO [dbo].[Schedule] ([Id], [IdFlight], [IdFlightState], [DepartureDT], [ArrivalDT], [Comment]) VALUES (N'a32856f7-77d3-42f0-9aee-87dc96e4ed0a', N'7e68281a-19d7-e611-b354-d017c293d790', N'5ebe4a2f-f0c1-e611-b353-d017c293d790', N'2017-08-20 01:00:00', N'2017-08-20 15:00:00', N'')
INSERT INTO [dbo].[Schedule] ([Id], [IdFlight], [IdFlightState], [DepartureDT], [ArrivalDT], [Comment]) VALUES (N'dba042a2-8a7b-4bcd-94f6-87f0aa813ec8', N'7e68281a-19d7-e611-b354-d017c293d790', N'5ebe4a2f-f0c1-e611-b353-d017c293d790', N'2017-02-19 01:00:00', N'2017-02-19 15:00:00', N'')
INSERT INTO [dbo].[Schedule] ([Id], [IdFlight], [IdFlightState], [DepartureDT], [ArrivalDT], [Comment]) VALUES (N'9ee14c9b-b6e7-43d0-926b-8918b008e0bb', N'0a3cddeb-18d7-e611-b354-d017c293d790', N'5ebe4a2f-f0c1-e611-b353-d017c293d790', N'2017-04-30 01:00:00', N'2017-04-30 15:00:00', N'')
INSERT INTO [dbo].[Schedule] ([Id], [IdFlight], [IdFlightState], [DepartureDT], [ArrivalDT], [Comment]) VALUES (N'2829bca2-c97e-45dc-b5d7-89304ba2e898', N'0a3cddeb-18d7-e611-b354-d017c293d790', N'5ebe4a2f-f0c1-e611-b353-d017c293d790', N'2017-12-10 01:00:00', N'2017-12-10 15:00:00', N'')
INSERT INTO [dbo].[Schedule] ([Id], [IdFlight], [IdFlightState], [DepartureDT], [ArrivalDT], [Comment]) VALUES (N'78295c4b-2615-487a-996e-8b47818d677f', N'b33eae27-19d7-e611-b354-d017c293d790', N'5ebe4a2f-f0c1-e611-b353-d017c293d790', N'2017-06-11 01:00:00', N'2017-06-11 15:00:00', N'')
INSERT INTO [dbo].[Schedule] ([Id], [IdFlight], [IdFlightState], [DepartureDT], [ArrivalDT], [Comment]) VALUES (N'd91069d2-f53d-4633-89d3-8c7593259446', N'0a3cddeb-18d7-e611-b354-d017c293d790', N'5ebe4a2f-f0c1-e611-b353-d017c293d790', N'2017-07-02 01:00:00', N'2017-07-02 15:00:00', N'')
INSERT INTO [dbo].[Schedule] ([Id], [IdFlight], [IdFlightState], [DepartureDT], [ArrivalDT], [Comment]) VALUES (N'399b2bb0-0caf-4513-aa7b-8e475261a318', N'0a3cddeb-18d7-e611-b354-d017c293d790', N'5ebe4a2f-f0c1-e611-b353-d017c293d790', N'2017-04-09 01:00:00', N'2017-04-09 15:00:00', N'')
INSERT INTO [dbo].[Schedule] ([Id], [IdFlight], [IdFlightState], [DepartureDT], [ArrivalDT], [Comment]) VALUES (N'a3554803-34c8-4fd0-80de-8f0d42c550d2', N'0a3cddeb-18d7-e611-b354-d017c293d790', N'5ebe4a2f-f0c1-e611-b353-d017c293d790', N'2017-06-11 01:00:00', N'2017-06-11 15:00:00', N'')
INSERT INTO [dbo].[Schedule] ([Id], [IdFlight], [IdFlightState], [DepartureDT], [ArrivalDT], [Comment]) VALUES (N'ec2e2cc7-d890-4c6b-9f67-8f6bf2ac4440', N'bf11510d-19d7-e611-b354-d017c293d790', N'5ebe4a2f-f0c1-e611-b353-d017c293d790', N'2017-11-26 04:03:00', N'2017-11-26 15:00:00', N'')
INSERT INTO [dbo].[Schedule] ([Id], [IdFlight], [IdFlightState], [DepartureDT], [ArrivalDT], [Comment]) VALUES (N'7fdfa061-6d81-4898-b103-90540210d35b', N'b33eae27-19d7-e611-b354-d017c293d790', N'5ebe4a2f-f0c1-e611-b353-d017c293d790', N'2017-10-01 01:00:00', N'2017-10-01 15:00:00', N'')
INSERT INTO [dbo].[Schedule] ([Id], [IdFlight], [IdFlightState], [DepartureDT], [ArrivalDT], [Comment]) VALUES (N'1b3a26ca-c518-4e70-9d75-90aea24c23f7', N'0a3cddeb-18d7-e611-b354-d017c293d790', N'5ebe4a2f-f0c1-e611-b353-d017c293d790', N'2017-03-12 01:00:00', N'2017-03-12 15:00:00', N'')
INSERT INTO [dbo].[Schedule] ([Id], [IdFlight], [IdFlightState], [DepartureDT], [ArrivalDT], [Comment]) VALUES (N'f06275d8-7780-4e32-8b93-90d5d688a0df', N'f4441efa-18d7-e611-b354-d017c293d790', N'5ebe4a2f-f0c1-e611-b353-d017c293d790', N'2017-02-12 03:02:00', N'2017-02-12 15:00:00', N'')
INSERT INTO [dbo].[Schedule] ([Id], [IdFlight], [IdFlightState], [DepartureDT], [ArrivalDT], [Comment]) VALUES (N'8c857235-9d91-4965-94da-938b179ffb39', N'73497d33-19d7-e611-b354-d017c293d790', N'5ebe4a2f-f0c1-e611-b353-d017c293d790', N'2017-03-05 01:00:00', N'2017-03-05 15:00:00', N'')
INSERT INTO [dbo].[Schedule] ([Id], [IdFlight], [IdFlightState], [DepartureDT], [ArrivalDT], [Comment]) VALUES (N'90993e38-d863-46e7-935b-945c8144a9e0', N'7e68281a-19d7-e611-b354-d017c293d790', N'5ebe4a2f-f0c1-e611-b353-d017c293d790', N'2017-11-05 01:00:00', N'2017-11-05 15:00:00', N'')
INSERT INTO [dbo].[Schedule] ([Id], [IdFlight], [IdFlightState], [DepartureDT], [ArrivalDT], [Comment]) VALUES (N'18174ef3-5826-40e7-b224-952c95206345', N'0a3cddeb-18d7-e611-b354-d017c293d790', N'5ebe4a2f-f0c1-e611-b353-d017c293d790', N'2017-01-29 01:00:00', N'2017-01-29 15:00:00', N'')
INSERT INTO [dbo].[Schedule] ([Id], [IdFlight], [IdFlightState], [DepartureDT], [ArrivalDT], [Comment]) VALUES (N'f7360477-2ec4-4f7f-8d4f-957062bd28f0', N'0a3cddeb-18d7-e611-b354-d017c293d790', N'5ebe4a2f-f0c1-e611-b353-d017c293d790', N'2017-07-30 01:00:00', N'2017-07-30 15:00:00', N'')
INSERT INTO [dbo].[Schedule] ([Id], [IdFlight], [IdFlightState], [DepartureDT], [ArrivalDT], [Comment]) VALUES (N'd01242ff-44af-445f-b126-961a2b53f03f', N'7e68281a-19d7-e611-b354-d017c293d790', N'5ebe4a2f-f0c1-e611-b353-d017c293d790', N'2017-04-02 01:00:00', N'2017-04-02 15:00:00', N'')
INSERT INTO [dbo].[Schedule] ([Id], [IdFlight], [IdFlightState], [DepartureDT], [ArrivalDT], [Comment]) VALUES (N'dfcdee4c-f085-4556-a03f-98db3be30fd3', N'bf11510d-19d7-e611-b354-d017c293d790', N'5ebe4a2f-f0c1-e611-b353-d017c293d790', N'2017-04-30 04:03:00', N'2017-04-30 15:00:00', N'')
INSERT INTO [dbo].[Schedule] ([Id], [IdFlight], [IdFlightState], [DepartureDT], [ArrivalDT], [Comment]) VALUES (N'388b2d12-bfa9-4655-986e-99055c509681', N'0a3cddeb-18d7-e611-b354-d017c293d790', N'5ebe4a2f-f0c1-e611-b353-d017c293d790', N'2017-02-05 01:00:00', N'2017-02-05 15:00:00', N'')
INSERT INTO [dbo].[Schedule] ([Id], [IdFlight], [IdFlightState], [DepartureDT], [ArrivalDT], [Comment]) VALUES (N'ae4e61dc-b2ed-4043-a659-999f8064fdf3', N'b33eae27-19d7-e611-b354-d017c293d790', N'5ebe4a2f-f0c1-e611-b353-d017c293d790', N'2017-04-09 01:00:00', N'2017-04-09 15:00:00', N'')
INSERT INTO [dbo].[Schedule] ([Id], [IdFlight], [IdFlightState], [DepartureDT], [ArrivalDT], [Comment]) VALUES (N'669dead8-3057-4553-a9df-9af5d6981921', N'f4441efa-18d7-e611-b354-d017c293d790', N'5ebe4a2f-f0c1-e611-b353-d017c293d790', N'2017-03-12 03:02:00', N'2017-03-12 15:00:00', N'')
INSERT INTO [dbo].[Schedule] ([Id], [IdFlight], [IdFlightState], [DepartureDT], [ArrivalDT], [Comment]) VALUES (N'c8aaccb1-c208-4bd4-b86a-9b34f923eda2', N'7e68281a-19d7-e611-b354-d017c293d790', N'5ebe4a2f-f0c1-e611-b353-d017c293d790', N'2017-10-01 01:00:00', N'2017-10-01 15:00:00', N'')
INSERT INTO [dbo].[Schedule] ([Id], [IdFlight], [IdFlightState], [DepartureDT], [ArrivalDT], [Comment]) VALUES (N'4f4ca07b-1d65-4b1b-97fc-9b8ae329c468', N'7e68281a-19d7-e611-b354-d017c293d790', N'5ebe4a2f-f0c1-e611-b353-d017c293d790', N'2017-09-24 01:00:00', N'2017-09-24 15:00:00', N'')
INSERT INTO [dbo].[Schedule] ([Id], [IdFlight], [IdFlightState], [DepartureDT], [ArrivalDT], [Comment]) VALUES (N'8d6a5bd8-9541-49b5-bcc3-9ed442bc3e06', N'73497d33-19d7-e611-b354-d017c293d790', N'5ebe4a2f-f0c1-e611-b353-d017c293d790', N'2017-04-02 01:00:00', N'2017-04-02 15:00:00', N'')
INSERT INTO [dbo].[Schedule] ([Id], [IdFlight], [IdFlightState], [DepartureDT], [ArrivalDT], [Comment]) VALUES (N'5ca7181b-b3bf-48fd-a31d-9f4685fc8103', N'bf11510d-19d7-e611-b354-d017c293d790', N'5ebe4a2f-f0c1-e611-b353-d017c293d790', N'2017-02-26 04:03:00', N'2017-02-26 15:00:00', N'')
INSERT INTO [dbo].[Schedule] ([Id], [IdFlight], [IdFlightState], [DepartureDT], [ArrivalDT], [Comment]) VALUES (N'07acd52d-7555-4f91-8882-a153e5d19e08', N'b33eae27-19d7-e611-b354-d017c293d790', N'5ebe4a2f-f0c1-e611-b353-d017c293d790', N'2017-05-21 01:00:00', N'2017-05-21 15:00:00', N'')
INSERT INTO [dbo].[Schedule] ([Id], [IdFlight], [IdFlightState], [DepartureDT], [ArrivalDT], [Comment]) VALUES (N'47ecb81b-71e6-4a3d-91e8-a2286b116d10', N'b33eae27-19d7-e611-b354-d017c293d790', N'5ebe4a2f-f0c1-e611-b353-d017c293d790', N'2017-12-31 01:00:00', N'2017-12-31 15:00:00', N'')
INSERT INTO [dbo].[Schedule] ([Id], [IdFlight], [IdFlightState], [DepartureDT], [ArrivalDT], [Comment]) VALUES (N'6808b0fe-408c-48ad-a7b5-a4ef70927fdf', N'73497d33-19d7-e611-b354-d017c293d790', N'5ebe4a2f-f0c1-e611-b353-d017c293d790', N'2017-01-01 01:00:00', N'2017-01-01 15:00:00', N'')
INSERT INTO [dbo].[Schedule] ([Id], [IdFlight], [IdFlightState], [DepartureDT], [ArrivalDT], [Comment]) VALUES (N'34ab5817-bc5f-4835-8358-a616104aee82', N'73497d33-19d7-e611-b354-d017c293d790', N'5ebe4a2f-f0c1-e611-b353-d017c293d790', N'2017-06-25 01:00:00', N'2017-06-25 15:00:00', N'')
INSERT INTO [dbo].[Schedule] ([Id], [IdFlight], [IdFlightState], [DepartureDT], [ArrivalDT], [Comment]) VALUES (N'5d07d52d-db94-469b-8ebf-a630de7592d9', N'b33eae27-19d7-e611-b354-d017c293d790', N'5ebe4a2f-f0c1-e611-b353-d017c293d790', N'2017-10-22 01:00:00', N'2017-10-22 15:00:00', N'')
INSERT INTO [dbo].[Schedule] ([Id], [IdFlight], [IdFlightState], [DepartureDT], [ArrivalDT], [Comment]) VALUES (N'6c4fb361-d5a9-46fa-a9a5-a6d4f565b537', N'b33eae27-19d7-e611-b354-d017c293d790', N'5ebe4a2f-f0c1-e611-b353-d017c293d790', N'2017-04-16 01:00:00', N'2017-04-16 15:00:00', N'')
INSERT INTO [dbo].[Schedule] ([Id], [IdFlight], [IdFlightState], [DepartureDT], [ArrivalDT], [Comment]) VALUES (N'b3a666bb-114f-4e06-a661-a81699825827', N'b33eae27-19d7-e611-b354-d017c293d790', N'5ebe4a2f-f0c1-e611-b353-d017c293d790', N'2017-04-23 01:00:00', N'2017-04-23 15:00:00', N'')
INSERT INTO [dbo].[Schedule] ([Id], [IdFlight], [IdFlightState], [DepartureDT], [ArrivalDT], [Comment]) VALUES (N'cb145007-f82c-4f48-b0fc-a87e3e0f61e7', N'b33eae27-19d7-e611-b354-d017c293d790', N'5ebe4a2f-f0c1-e611-b353-d017c293d790', N'2017-08-27 01:00:00', N'2017-08-27 15:00:00', N'')
INSERT INTO [dbo].[Schedule] ([Id], [IdFlight], [IdFlightState], [DepartureDT], [ArrivalDT], [Comment]) VALUES (N'1e01b693-d8a5-4cea-ab61-a8db56d53c23', N'73497d33-19d7-e611-b354-d017c293d790', N'5ebe4a2f-f0c1-e611-b353-d017c293d790', N'2017-09-03 01:00:00', N'2017-09-03 15:00:00', N'')
INSERT INTO [dbo].[Schedule] ([Id], [IdFlight], [IdFlightState], [DepartureDT], [ArrivalDT], [Comment]) VALUES (N'75904429-90b8-4b84-9597-a9002b3582df', N'0a3cddeb-18d7-e611-b354-d017c293d790', N'5ebe4a2f-f0c1-e611-b353-d017c293d790', N'2017-11-19 01:00:00', N'2017-11-19 15:00:00', N'')
INSERT INTO [dbo].[Schedule] ([Id], [IdFlight], [IdFlightState], [DepartureDT], [ArrivalDT], [Comment]) VALUES (N'02bdf275-b8b1-4301-a9ca-a94c0cfce47b', N'b33eae27-19d7-e611-b354-d017c293d790', N'5ebe4a2f-f0c1-e611-b353-d017c293d790', N'2017-08-06 01:00:00', N'2017-08-06 15:00:00', N'')
INSERT INTO [dbo].[Schedule] ([Id], [IdFlight], [IdFlightState], [DepartureDT], [ArrivalDT], [Comment]) VALUES (N'83d10482-3c85-430e-b6eb-a95d7cb4600e', N'b33eae27-19d7-e611-b354-d017c293d790', N'5ebe4a2f-f0c1-e611-b353-d017c293d790', N'2017-12-24 01:00:00', N'2017-12-24 15:00:00', N'')
INSERT INTO [dbo].[Schedule] ([Id], [IdFlight], [IdFlightState], [DepartureDT], [ArrivalDT], [Comment]) VALUES (N'a3225e35-4bfd-4124-8d1f-a9b5337bb507', N'7e68281a-19d7-e611-b354-d017c293d790', N'5ebe4a2f-f0c1-e611-b353-d017c293d790', N'2017-04-30 01:00:00', N'2017-04-30 15:00:00', N'')
INSERT INTO [dbo].[Schedule] ([Id], [IdFlight], [IdFlightState], [DepartureDT], [ArrivalDT], [Comment]) VALUES (N'663847fa-79ad-4fc1-bc09-aa00c9a2dc3b', N'73497d33-19d7-e611-b354-d017c293d790', N'5ebe4a2f-f0c1-e611-b353-d017c293d790', N'2017-03-26 01:00:00', N'2017-03-26 15:00:00', N'')
INSERT INTO [dbo].[Schedule] ([Id], [IdFlight], [IdFlightState], [DepartureDT], [ArrivalDT], [Comment]) VALUES (N'6c2d65e5-1bef-4d79-97c9-abc54879cdd8', N'bf11510d-19d7-e611-b354-d017c293d790', N'5ebe4a2f-f0c1-e611-b353-d017c293d790', N'2017-04-09 04:03:00', N'2017-04-09 15:00:00', N'')
INSERT INTO [dbo].[Schedule] ([Id], [IdFlight], [IdFlightState], [DepartureDT], [ArrivalDT], [Comment]) VALUES (N'5aaaabf3-8ee9-4dea-949f-abd7df9cbb38', N'0a3cddeb-18d7-e611-b354-d017c293d790', N'5ebe4a2f-f0c1-e611-b353-d017c293d790', N'2017-03-05 01:00:00', N'2017-03-05 15:00:00', N'')
INSERT INTO [dbo].[Schedule] ([Id], [IdFlight], [IdFlightState], [DepartureDT], [ArrivalDT], [Comment]) VALUES (N'8bfa786b-e750-485c-ba94-ac2fb82f40a6', N'b33eae27-19d7-e611-b354-d017c293d790', N'5ebe4a2f-f0c1-e611-b353-d017c293d790', N'2017-12-10 01:00:00', N'2017-12-10 15:00:00', N'')
INSERT INTO [dbo].[Schedule] ([Id], [IdFlight], [IdFlightState], [DepartureDT], [ArrivalDT], [Comment]) VALUES (N'4937050f-6bc4-40af-ba4b-ad1da334023c', N'73497d33-19d7-e611-b354-d017c293d790', N'5ebe4a2f-f0c1-e611-b353-d017c293d790', N'2017-12-24 01:00:00', N'2017-12-24 15:00:00', N'')
INSERT INTO [dbo].[Schedule] ([Id], [IdFlight], [IdFlightState], [DepartureDT], [ArrivalDT], [Comment]) VALUES (N'a7f5f5ef-acb8-4a12-9b70-aeab1f63f6a9', N'f4441efa-18d7-e611-b354-d017c293d790', N'5ebe4a2f-f0c1-e611-b353-d017c293d790', N'2017-04-30 03:02:00', N'2017-04-30 15:00:00', N'')
INSERT INTO [dbo].[Schedule] ([Id], [IdFlight], [IdFlightState], [DepartureDT], [ArrivalDT], [Comment]) VALUES (N'62bd0129-096d-4a3d-aacc-afa5f60d99fc', N'bf11510d-19d7-e611-b354-d017c293d790', N'5ebe4a2f-f0c1-e611-b353-d017c293d790', N'2017-01-15 04:03:00', N'2017-01-15 15:00:00', N'')
INSERT INTO [dbo].[Schedule] ([Id], [IdFlight], [IdFlightState], [DepartureDT], [ArrivalDT], [Comment]) VALUES (N'd6b7369a-59ef-4fe3-a912-afb041e07b66', N'f4441efa-18d7-e611-b354-d017c293d790', N'5ebe4a2f-f0c1-e611-b353-d017c293d790', N'2017-01-15 03:02:00', N'2017-01-15 15:00:00', N'')
INSERT INTO [dbo].[Schedule] ([Id], [IdFlight], [IdFlightState], [DepartureDT], [ArrivalDT], [Comment]) VALUES (N'9bd31928-06c7-46fe-a1cc-b0ba886c990b', N'0a3cddeb-18d7-e611-b354-d017c293d790', N'5ebe4a2f-f0c1-e611-b353-d017c293d790', N'2017-12-17 01:00:00', N'2017-12-17 15:00:00', N'')
INSERT INTO [dbo].[Schedule] ([Id], [IdFlight], [IdFlightState], [DepartureDT], [ArrivalDT], [Comment]) VALUES (N'4709bc94-d872-4b91-9c01-b1fc52c2c09e', N'bf11510d-19d7-e611-b354-d017c293d790', N'5ebe4a2f-f0c1-e611-b353-d017c293d790', N'2017-09-03 04:03:00', N'2017-09-03 15:00:00', N'')
INSERT INTO [dbo].[Schedule] ([Id], [IdFlight], [IdFlightState], [DepartureDT], [ArrivalDT], [Comment]) VALUES (N'60950d19-54ae-4490-b3c3-b2e0f25a5414', N'f4441efa-18d7-e611-b354-d017c293d790', N'5ebe4a2f-f0c1-e611-b353-d017c293d790', N'2017-06-11 03:02:00', N'2017-06-11 15:00:00', N'')
INSERT INTO [dbo].[Schedule] ([Id], [IdFlight], [IdFlightState], [DepartureDT], [ArrivalDT], [Comment]) VALUES (N'9f684d43-fb4c-4609-a119-b417b37c0dee', N'0a3cddeb-18d7-e611-b354-d017c293d790', N'5ebe4a2f-f0c1-e611-b353-d017c293d790', N'2017-10-29 01:00:00', N'2017-10-29 15:00:00', N'')
INSERT INTO [dbo].[Schedule] ([Id], [IdFlight], [IdFlightState], [DepartureDT], [ArrivalDT], [Comment]) VALUES (N'09562bc8-3a04-4506-8b70-b4479c571cc9', N'73497d33-19d7-e611-b354-d017c293d790', N'5ebe4a2f-f0c1-e611-b353-d017c293d790', N'2017-04-16 01:00:00', N'2017-04-16 15:00:00', N'')
INSERT INTO [dbo].[Schedule] ([Id], [IdFlight], [IdFlightState], [DepartureDT], [ArrivalDT], [Comment]) VALUES (N'e980f581-0950-4b33-8a1c-b4bff371875a', N'73497d33-19d7-e611-b354-d017c293d790', N'5ebe4a2f-f0c1-e611-b353-d017c293d790', N'2017-08-27 01:00:00', N'2017-08-27 15:00:00', N'')
INSERT INTO [dbo].[Schedule] ([Id], [IdFlight], [IdFlightState], [DepartureDT], [ArrivalDT], [Comment]) VALUES (N'e6b5912d-0d6e-4747-865f-b4f8019bdbf9', N'b33eae27-19d7-e611-b354-d017c293d790', N'5ebe4a2f-f0c1-e611-b353-d017c293d790', N'2017-11-12 01:00:00', N'2017-11-12 15:00:00', N'')
INSERT INTO [dbo].[Schedule] ([Id], [IdFlight], [IdFlightState], [DepartureDT], [ArrivalDT], [Comment]) VALUES (N'e1bb42f6-098e-4402-b2cf-b5bdecce69a8', N'b33eae27-19d7-e611-b354-d017c293d790', N'5ebe4a2f-f0c1-e611-b353-d017c293d790', N'2017-09-24 01:00:00', N'2017-09-24 15:00:00', N'')
INSERT INTO [dbo].[Schedule] ([Id], [IdFlight], [IdFlightState], [DepartureDT], [ArrivalDT], [Comment]) VALUES (N'201e73f6-84a9-474a-abde-b6225de6e3e8', N'7e68281a-19d7-e611-b354-d017c293d790', N'5ebe4a2f-f0c1-e611-b353-d017c293d790', N'2017-09-03 01:00:00', N'2017-09-03 15:00:00', N'')
INSERT INTO [dbo].[Schedule] ([Id], [IdFlight], [IdFlightState], [DepartureDT], [ArrivalDT], [Comment]) VALUES (N'3578d7df-b036-4edc-bc09-b644f248965e', N'0a3cddeb-18d7-e611-b354-d017c293d790', N'5ebe4a2f-f0c1-e611-b353-d017c293d790', N'2017-01-08 01:00:00', N'2017-01-08 15:00:00', N'')
INSERT INTO [dbo].[Schedule] ([Id], [IdFlight], [IdFlightState], [DepartureDT], [ArrivalDT], [Comment]) VALUES (N'7c08a866-10af-4ff6-9533-b7f00fc2852e', N'73497d33-19d7-e611-b354-d017c293d790', N'5ebe4a2f-f0c1-e611-b353-d017c293d790', N'2017-11-12 01:00:00', N'2017-11-12 15:00:00', N'')
INSERT INTO [dbo].[Schedule] ([Id], [IdFlight], [IdFlightState], [DepartureDT], [ArrivalDT], [Comment]) VALUES (N'8c6d338b-60fd-40cd-9a52-b8115fc7cc5a', N'7e68281a-19d7-e611-b354-d017c293d790', N'5ebe4a2f-f0c1-e611-b353-d017c293d790', N'2017-07-30 01:00:00', N'2017-07-30 15:00:00', N'')
INSERT INTO [dbo].[Schedule] ([Id], [IdFlight], [IdFlightState], [DepartureDT], [ArrivalDT], [Comment]) VALUES (N'a8f1c539-9e06-429f-a653-b89c80d3e0d0', N'f4441efa-18d7-e611-b354-d017c293d790', N'5ebe4a2f-f0c1-e611-b353-d017c293d790', N'2017-07-16 03:02:00', N'2017-07-16 15:00:00', N'')
INSERT INTO [dbo].[Schedule] ([Id], [IdFlight], [IdFlightState], [DepartureDT], [ArrivalDT], [Comment]) VALUES (N'5d24f00e-2e01-454b-9af3-b8a3d637ecdd', N'73497d33-19d7-e611-b354-d017c293d790', N'5ebe4a2f-f0c1-e611-b353-d017c293d790', N'2017-05-28 01:00:00', N'2017-05-28 15:00:00', N'')
INSERT INTO [dbo].[Schedule] ([Id], [IdFlight], [IdFlightState], [DepartureDT], [ArrivalDT], [Comment]) VALUES (N'2e8773c6-3658-4921-8f70-b9de11ad98f8', N'f4441efa-18d7-e611-b354-d017c293d790', N'5ebe4a2f-f0c1-e611-b353-d017c293d790', N'2017-04-02 03:02:00', N'2017-04-02 15:00:00', N'')
INSERT INTO [dbo].[Schedule] ([Id], [IdFlight], [IdFlightState], [DepartureDT], [ArrivalDT], [Comment]) VALUES (N'a23bc15d-e042-4b2b-a04a-ba127b098efc', N'f4441efa-18d7-e611-b354-d017c293d790', N'5ebe4a2f-f0c1-e611-b353-d017c293d790', N'2017-06-04 03:02:00', N'2017-06-04 15:00:00', N'')
INSERT INTO [dbo].[Schedule] ([Id], [IdFlight], [IdFlightState], [DepartureDT], [ArrivalDT], [Comment]) VALUES (N'cd3b0135-8f67-440a-8384-ba8722dfef0f', N'b33eae27-19d7-e611-b354-d017c293d790', N'5ebe4a2f-f0c1-e611-b353-d017c293d790', N'2017-06-25 01:00:00', N'2017-06-25 15:00:00', N'')
INSERT INTO [dbo].[Schedule] ([Id], [IdFlight], [IdFlightState], [DepartureDT], [ArrivalDT], [Comment]) VALUES (N'03fd7a72-1f92-48e8-9993-baf003047592', N'73497d33-19d7-e611-b354-d017c293d790', N'5ebe4a2f-f0c1-e611-b353-d017c293d790', N'2017-03-19 01:00:00', N'2017-03-19 15:00:00', N'')
INSERT INTO [dbo].[Schedule] ([Id], [IdFlight], [IdFlightState], [DepartureDT], [ArrivalDT], [Comment]) VALUES (N'c39c76fc-1f1a-4e00-ae48-bb0d1baa73c9', N'b33eae27-19d7-e611-b354-d017c293d790', N'5ebe4a2f-f0c1-e611-b353-d017c293d790', N'2017-09-10 01:00:00', N'2017-09-10 15:00:00', N'')
INSERT INTO [dbo].[Schedule] ([Id], [IdFlight], [IdFlightState], [DepartureDT], [ArrivalDT], [Comment]) VALUES (N'1340566d-7647-40c0-b924-bb222e0fbae6', N'7e68281a-19d7-e611-b354-d017c293d790', N'5ebe4a2f-f0c1-e611-b353-d017c293d790', N'2017-12-10 01:00:00', N'2017-12-10 15:00:00', N'')
INSERT INTO [dbo].[Schedule] ([Id], [IdFlight], [IdFlightState], [DepartureDT], [ArrivalDT], [Comment]) VALUES (N'2b051af1-e146-4a38-b28a-bb7c94c84bd3', N'f4441efa-18d7-e611-b354-d017c293d790', N'5ebe4a2f-f0c1-e611-b353-d017c293d790', N'2017-10-08 03:02:00', N'2017-10-08 15:00:00', N'')
INSERT INTO [dbo].[Schedule] ([Id], [IdFlight], [IdFlightState], [DepartureDT], [ArrivalDT], [Comment]) VALUES (N'cd3158e4-1397-45f7-9571-bbb11bd60b4e', N'f4441efa-18d7-e611-b354-d017c293d790', N'5ebe4a2f-f0c1-e611-b353-d017c293d790', N'2017-02-05 03:02:00', N'2017-02-05 15:00:00', N'')
INSERT INTO [dbo].[Schedule] ([Id], [IdFlight], [IdFlightState], [DepartureDT], [ArrivalDT], [Comment]) VALUES (N'7254e70c-ebf3-4ecc-8c52-bbc1f9534dff', N'b33eae27-19d7-e611-b354-d017c293d790', N'5ebe4a2f-f0c1-e611-b353-d017c293d790', N'2017-02-26 01:00:00', N'2017-02-26 15:00:00', N'')
INSERT INTO [dbo].[Schedule] ([Id], [IdFlight], [IdFlightState], [DepartureDT], [ArrivalDT], [Comment]) VALUES (N'5017b7df-8fd9-475c-963d-bcb35f3ba793', N'f4441efa-18d7-e611-b354-d017c293d790', N'5ebe4a2f-f0c1-e611-b353-d017c293d790', N'2017-08-06 03:02:00', N'2017-08-06 15:00:00', N'')
INSERT INTO [dbo].[Schedule] ([Id], [IdFlight], [IdFlightState], [DepartureDT], [ArrivalDT], [Comment]) VALUES (N'5417546e-133e-49c1-b137-bd7cdfab6ba4', N'f4441efa-18d7-e611-b354-d017c293d790', N'5ebe4a2f-f0c1-e611-b353-d017c293d790', N'2017-11-26 03:02:00', N'2017-11-26 15:00:00', N'')
INSERT INTO [dbo].[Schedule] ([Id], [IdFlight], [IdFlightState], [DepartureDT], [ArrivalDT], [Comment]) VALUES (N'c07e3908-70fb-482b-a93b-be3e811b310d', N'f4441efa-18d7-e611-b354-d017c293d790', N'5ebe4a2f-f0c1-e611-b353-d017c293d790', N'2017-08-27 03:02:00', N'2017-08-27 15:00:00', N'')
INSERT INTO [dbo].[Schedule] ([Id], [IdFlight], [IdFlightState], [DepartureDT], [ArrivalDT], [Comment]) VALUES (N'53d34edb-96dc-4ff4-ae7b-c1fb1eaf9b99', N'0a3cddeb-18d7-e611-b354-d017c293d790', N'5ebe4a2f-f0c1-e611-b353-d017c293d790', N'2017-10-15 01:00:00', N'2017-10-15 15:00:00', N'')
INSERT INTO [dbo].[Schedule] ([Id], [IdFlight], [IdFlightState], [DepartureDT], [ArrivalDT], [Comment]) VALUES (N'd5d1f7d2-52f2-4a5e-8cc7-c3ebf1c91905', N'73497d33-19d7-e611-b354-d017c293d790', N'5ebe4a2f-f0c1-e611-b353-d017c293d790', N'2017-08-20 01:00:00', N'2017-08-20 15:00:00', N'')
INSERT INTO [dbo].[Schedule] ([Id], [IdFlight], [IdFlightState], [DepartureDT], [ArrivalDT], [Comment]) VALUES (N'974430c4-2760-41af-9db9-c42bdf6f82d9', N'7e68281a-19d7-e611-b354-d017c293d790', N'5ebe4a2f-f0c1-e611-b353-d017c293d790', N'2017-08-06 01:00:00', N'2017-08-06 15:00:00', N'')
INSERT INTO [dbo].[Schedule] ([Id], [IdFlight], [IdFlightState], [DepartureDT], [ArrivalDT], [Comment]) VALUES (N'35fbdbaa-a7ee-4491-9d56-c51aae8c4467', N'b33eae27-19d7-e611-b354-d017c293d790', N'5ebe4a2f-f0c1-e611-b353-d017c293d790', N'2017-06-04 01:00:00', N'2017-06-04 15:00:00', N'')
INSERT INTO [dbo].[Schedule] ([Id], [IdFlight], [IdFlightState], [DepartureDT], [ArrivalDT], [Comment]) VALUES (N'dee1297d-e669-499b-a68c-c6221d746161', N'7e68281a-19d7-e611-b354-d017c293d790', N'5ebe4a2f-f0c1-e611-b353-d017c293d790', N'2017-03-12 01:00:00', N'2017-03-12 15:00:00', N'')
INSERT INTO [dbo].[Schedule] ([Id], [IdFlight], [IdFlightState], [DepartureDT], [ArrivalDT], [Comment]) VALUES (N'6b3eba9c-cb90-43fb-9ea5-c6c5822bea89', N'7e68281a-19d7-e611-b354-d017c293d790', N'5ebe4a2f-f0c1-e611-b353-d017c293d790', N'2017-06-25 01:00:00', N'2017-06-25 15:00:00', N'')
INSERT INTO [dbo].[Schedule] ([Id], [IdFlight], [IdFlightState], [DepartureDT], [ArrivalDT], [Comment]) VALUES (N'6e904298-8e04-45e0-92ae-c82923a7a271', N'bf11510d-19d7-e611-b354-d017c293d790', N'5ebe4a2f-f0c1-e611-b353-d017c293d790', N'2017-09-10 04:03:00', N'2017-09-10 15:00:00', N'')
INSERT INTO [dbo].[Schedule] ([Id], [IdFlight], [IdFlightState], [DepartureDT], [ArrivalDT], [Comment]) VALUES (N'421472a6-14aa-4f14-b114-c8b1130e2708', N'b33eae27-19d7-e611-b354-d017c293d790', N'5ebe4a2f-f0c1-e611-b353-d017c293d790', N'2017-11-26 01:00:00', N'2017-11-26 15:00:00', N'')
INSERT INTO [dbo].[Schedule] ([Id], [IdFlight], [IdFlightState], [DepartureDT], [ArrivalDT], [Comment]) VALUES (N'0ba4db74-474b-4240-bce6-c8c6dc8b303f', N'7e68281a-19d7-e611-b354-d017c293d790', N'5ebe4a2f-f0c1-e611-b353-d017c293d790', N'2017-05-07 01:00:00', N'2017-05-07 15:00:00', N'')
INSERT INTO [dbo].[Schedule] ([Id], [IdFlight], [IdFlightState], [DepartureDT], [ArrivalDT], [Comment]) VALUES (N'56961041-1394-413a-8a64-c9330c3ee9f3', N'f4441efa-18d7-e611-b354-d017c293d790', N'5ebe4a2f-f0c1-e611-b353-d017c293d790', N'2017-07-09 03:02:00', N'2017-07-09 15:00:00', N'')
INSERT INTO [dbo].[Schedule] ([Id], [IdFlight], [IdFlightState], [DepartureDT], [ArrivalDT], [Comment]) VALUES (N'f59e397d-7346-4349-b119-c9be604839fd', N'b33eae27-19d7-e611-b354-d017c293d790', N'5ebe4a2f-f0c1-e611-b353-d017c293d790', N'2017-04-02 01:00:00', N'2017-04-02 15:00:00', N'')
INSERT INTO [dbo].[Schedule] ([Id], [IdFlight], [IdFlightState], [DepartureDT], [ArrivalDT], [Comment]) VALUES (N'6666a0f6-d36c-4d95-97df-ca2b53165a22', N'f4441efa-18d7-e611-b354-d017c293d790', N'5ebe4a2f-f0c1-e611-b353-d017c293d790', N'2017-02-26 03:02:00', N'2017-02-26 15:00:00', N'')
INSERT INTO [dbo].[Schedule] ([Id], [IdFlight], [IdFlightState], [DepartureDT], [ArrivalDT], [Comment]) VALUES (N'a60ba328-5150-4f29-8f6e-cbc2bc496933', N'bf11510d-19d7-e611-b354-d017c293d790', N'5ebe4a2f-f0c1-e611-b353-d017c293d790', N'2017-10-01 04:03:00', N'2017-10-01 15:00:00', N'')
INSERT INTO [dbo].[Schedule] ([Id], [IdFlight], [IdFlightState], [DepartureDT], [ArrivalDT], [Comment]) VALUES (N'bfb26081-c6f5-4833-b572-cc3f0716e654', N'f4441efa-18d7-e611-b354-d017c293d790', N'5ebe4a2f-f0c1-e611-b353-d017c293d790', N'2017-03-19 03:02:00', N'2017-03-19 15:00:00', N'')
INSERT INTO [dbo].[Schedule] ([Id], [IdFlight], [IdFlightState], [DepartureDT], [ArrivalDT], [Comment]) VALUES (N'135a2163-ad74-4a43-bee8-cc81ed4078b2', N'f4441efa-18d7-e611-b354-d017c293d790', N'5ebe4a2f-f0c1-e611-b353-d017c293d790', N'2017-10-22 03:02:00', N'2017-10-22 15:00:00', N'')
INSERT INTO [dbo].[Schedule] ([Id], [IdFlight], [IdFlightState], [DepartureDT], [ArrivalDT], [Comment]) VALUES (N'bbf0aeff-2b27-4cd6-a33a-cec79b1c44d4', N'b33eae27-19d7-e611-b354-d017c293d790', N'5ebe4a2f-f0c1-e611-b353-d017c293d790', N'2017-01-01 01:00:00', N'2017-01-01 15:00:00', N'')
INSERT INTO [dbo].[Schedule] ([Id], [IdFlight], [IdFlightState], [DepartureDT], [ArrivalDT], [Comment]) VALUES (N'63de7698-5d80-4e48-a4ad-cec7d18950ab', N'b33eae27-19d7-e611-b354-d017c293d790', N'5ebe4a2f-f0c1-e611-b353-d017c293d790', N'2017-05-07 01:00:00', N'2017-05-07 15:00:00', N'')
INSERT INTO [dbo].[Schedule] ([Id], [IdFlight], [IdFlightState], [DepartureDT], [ArrivalDT], [Comment]) VALUES (N'41ce797d-9a12-4dd1-beb3-ceeb87d0ba1b', N'f4441efa-18d7-e611-b354-d017c293d790', N'5ebe4a2f-f0c1-e611-b353-d017c293d790', N'2017-07-23 03:02:00', N'2017-07-23 15:00:00', N'')
INSERT INTO [dbo].[Schedule] ([Id], [IdFlight], [IdFlightState], [DepartureDT], [ArrivalDT], [Comment]) VALUES (N'e1fe5156-6635-43cb-a453-d0c688380a57', N'7e68281a-19d7-e611-b354-d017c293d790', N'5ebe4a2f-f0c1-e611-b353-d017c293d790', N'2017-07-23 01:00:00', N'2017-07-23 15:00:00', N'')
INSERT INTO [dbo].[Schedule] ([Id], [IdFlight], [IdFlightState], [DepartureDT], [ArrivalDT], [Comment]) VALUES (N'86b789d1-547f-4b2f-a4de-d16982a2b164', N'bf11510d-19d7-e611-b354-d017c293d790', N'5ebe4a2f-f0c1-e611-b353-d017c293d790', N'2017-04-16 04:03:00', N'2017-04-16 15:00:00', N'')
INSERT INTO [dbo].[Schedule] ([Id], [IdFlight], [IdFlightState], [DepartureDT], [ArrivalDT], [Comment]) VALUES (N'1b93831e-2da1-4627-9ebe-d1b0198f0398', N'b33eae27-19d7-e611-b354-d017c293d790', N'5ebe4a2f-f0c1-e611-b353-d017c293d790', N'2017-03-12 01:00:00', N'2017-03-12 15:00:00', N'')
INSERT INTO [dbo].[Schedule] ([Id], [IdFlight], [IdFlightState], [DepartureDT], [ArrivalDT], [Comment]) VALUES (N'00764ce6-28eb-48ad-9101-d1ea002485d9', N'f4441efa-18d7-e611-b354-d017c293d790', N'5ebe4a2f-f0c1-e611-b353-d017c293d790', N'2017-02-19 03:02:00', N'2017-02-19 15:00:00', N'')
INSERT INTO [dbo].[Schedule] ([Id], [IdFlight], [IdFlightState], [DepartureDT], [ArrivalDT], [Comment]) VALUES (N'969c7f2a-5510-493c-bff0-d1fee3569b81', N'bf11510d-19d7-e611-b354-d017c293d790', N'5ebe4a2f-f0c1-e611-b353-d017c293d790', N'2017-04-02 04:03:00', N'2017-04-02 15:00:00', N'')
INSERT INTO [dbo].[Schedule] ([Id], [IdFlight], [IdFlightState], [DepartureDT], [ArrivalDT], [Comment]) VALUES (N'777b8bf9-8f93-4269-8c5b-d22792fc3208', N'7e68281a-19d7-e611-b354-d017c293d790', N'5ebe4a2f-f0c1-e611-b353-d017c293d790', N'2017-05-28 01:00:00', N'2017-05-28 15:00:00', N'')
INSERT INTO [dbo].[Schedule] ([Id], [IdFlight], [IdFlightState], [DepartureDT], [ArrivalDT], [Comment]) VALUES (N'27339b98-5d23-4e19-9fdc-d3c98eb1a0c0', N'b33eae27-19d7-e611-b354-d017c293d790', N'5ebe4a2f-f0c1-e611-b353-d017c293d790', N'2017-11-05 01:00:00', N'2017-11-05 15:00:00', N'')
INSERT INTO [dbo].[Schedule] ([Id], [IdFlight], [IdFlightState], [DepartureDT], [ArrivalDT], [Comment]) VALUES (N'8265d3e8-4c81-4d4d-a43b-d42d083a6bac', N'b33eae27-19d7-e611-b354-d017c293d790', N'5ebe4a2f-f0c1-e611-b353-d017c293d790', N'2017-07-16 01:00:00', N'2017-07-16 15:00:00', N'')
INSERT INTO [dbo].[Schedule] ([Id], [IdFlight], [IdFlightState], [DepartureDT], [ArrivalDT], [Comment]) VALUES (N'20450edd-bbf2-4f18-a8c4-d44aad727416', N'b33eae27-19d7-e611-b354-d017c293d790', N'5ebe4a2f-f0c1-e611-b353-d017c293d790', N'2017-03-05 01:00:00', N'2017-03-05 15:00:00', N'')
INSERT INTO [dbo].[Schedule] ([Id], [IdFlight], [IdFlightState], [DepartureDT], [ArrivalDT], [Comment]) VALUES (N'e0cfd978-79a7-4e98-a5a7-d5607c6294a6', N'0a3cddeb-18d7-e611-b354-d017c293d790', N'5ebe4a2f-f0c1-e611-b353-d017c293d790', N'2017-02-26 01:00:00', N'2017-02-26 15:00:00', N'')
INSERT INTO [dbo].[Schedule] ([Id], [IdFlight], [IdFlightState], [DepartureDT], [ArrivalDT], [Comment]) VALUES (N'9dddd18c-4081-4edf-9045-d5fa2d92b9d5', N'bf11510d-19d7-e611-b354-d017c293d790', N'5ebe4a2f-f0c1-e611-b353-d017c293d790', N'2017-10-29 04:03:00', N'2017-10-29 15:00:00', N'')
INSERT INTO [dbo].[Schedule] ([Id], [IdFlight], [IdFlightState], [DepartureDT], [ArrivalDT], [Comment]) VALUES (N'50a73ba8-5a6f-45df-bd5b-d76ea22f15f7', N'73497d33-19d7-e611-b354-d017c293d790', N'5ebe4a2f-f0c1-e611-b353-d017c293d790', N'2017-02-05 01:00:00', N'2017-02-05 15:00:00', N'')
INSERT INTO [dbo].[Schedule] ([Id], [IdFlight], [IdFlightState], [DepartureDT], [ArrivalDT], [Comment]) VALUES (N'04de2bc5-2843-40f7-a127-d79a5b5e900b', N'b33eae27-19d7-e611-b354-d017c293d790', N'5ebe4a2f-f0c1-e611-b353-d017c293d790', N'2017-02-19 01:00:00', N'2017-02-19 15:00:00', N'')
INSERT INTO [dbo].[Schedule] ([Id], [IdFlight], [IdFlightState], [DepartureDT], [ArrivalDT], [Comment]) VALUES (N'c31e0bfb-54e7-4260-918e-d84ac646aaf9', N'f4441efa-18d7-e611-b354-d017c293d790', N'5ebe4a2f-f0c1-e611-b353-d017c293d790', N'2017-05-21 03:02:00', N'2017-05-21 15:00:00', N'')
INSERT INTO [dbo].[Schedule] ([Id], [IdFlight], [IdFlightState], [DepartureDT], [ArrivalDT], [Comment]) VALUES (N'4e566c63-0ff3-445e-9390-d8c015399b35', N'b33eae27-19d7-e611-b354-d017c293d790', N'5ebe4a2f-f0c1-e611-b353-d017c293d790', N'2017-09-03 01:00:00', N'2017-09-03 15:00:00', N'')
INSERT INTO [dbo].[Schedule] ([Id], [IdFlight], [IdFlightState], [DepartureDT], [ArrivalDT], [Comment]) VALUES (N'214097d3-cfc7-4011-9141-d94667a9d2ab', N'73497d33-19d7-e611-b354-d017c293d790', N'5ebe4a2f-f0c1-e611-b353-d017c293d790', N'2017-12-17 01:00:00', N'2017-12-17 15:00:00', N'')
INSERT INTO [dbo].[Schedule] ([Id], [IdFlight], [IdFlightState], [DepartureDT], [ArrivalDT], [Comment]) VALUES (N'5bc85b2f-2cf4-4068-93db-db325f11809e', N'0a3cddeb-18d7-e611-b354-d017c293d790', N'5ebe4a2f-f0c1-e611-b353-d017c293d790', N'2017-12-24 01:00:00', N'2017-12-24 15:00:00', N'')
INSERT INTO [dbo].[Schedule] ([Id], [IdFlight], [IdFlightState], [DepartureDT], [ArrivalDT], [Comment]) VALUES (N'de0601bb-a5a8-416b-8ee5-db4dca7acaa0', N'bf11510d-19d7-e611-b354-d017c293d790', N'5ebe4a2f-f0c1-e611-b353-d017c293d790', N'2017-12-03 04:03:00', N'2017-12-03 15:00:00', N'')
INSERT INTO [dbo].[Schedule] ([Id], [IdFlight], [IdFlightState], [DepartureDT], [ArrivalDT], [Comment]) VALUES (N'569db288-5297-4036-b424-db510a9b014f', N'7e68281a-19d7-e611-b354-d017c293d790', N'5ebe4a2f-f0c1-e611-b353-d017c293d790', N'2017-04-09 01:00:00', N'2017-04-09 15:00:00', N'')
INSERT INTO [dbo].[Schedule] ([Id], [IdFlight], [IdFlightState], [DepartureDT], [ArrivalDT], [Comment]) VALUES (N'8617eb16-ce1d-4cf3-8fdd-dbb8a01a731d', N'bf11510d-19d7-e611-b354-d017c293d790', N'5ebe4a2f-f0c1-e611-b353-d017c293d790', N'2017-05-14 04:03:00', N'2017-05-14 15:00:00', N'')
INSERT INTO [dbo].[Schedule] ([Id], [IdFlight], [IdFlightState], [DepartureDT], [ArrivalDT], [Comment]) VALUES (N'cfc7902a-0d66-4be3-b1c9-dbf92b4de015', N'7e68281a-19d7-e611-b354-d017c293d790', N'5ebe4a2f-f0c1-e611-b353-d017c293d790', N'2017-11-12 01:00:00', N'2017-11-12 15:00:00', N'')
INSERT INTO [dbo].[Schedule] ([Id], [IdFlight], [IdFlightState], [DepartureDT], [ArrivalDT], [Comment]) VALUES (N'd8b8de34-8acc-4487-b65c-dc3a9217a742', N'0a3cddeb-18d7-e611-b354-d017c293d790', N'5ebe4a2f-f0c1-e611-b353-d017c293d790', N'2017-01-15 01:00:00', N'2017-01-15 15:00:00', N'')
INSERT INTO [dbo].[Schedule] ([Id], [IdFlight], [IdFlightState], [DepartureDT], [ArrivalDT], [Comment]) VALUES (N'f0eba936-afc8-4659-b445-dd2d6580106e', N'bf11510d-19d7-e611-b354-d017c293d790', N'5ebe4a2f-f0c1-e611-b353-d017c293d790', N'2017-11-19 04:03:00', N'2017-11-19 15:00:00', N'')
INSERT INTO [dbo].[Schedule] ([Id], [IdFlight], [IdFlightState], [DepartureDT], [ArrivalDT], [Comment]) VALUES (N'479d300c-a8bb-48f5-827a-dd6c335c0d54', N'f4441efa-18d7-e611-b354-d017c293d790', N'5ebe4a2f-f0c1-e611-b353-d017c293d790', N'2017-11-12 03:02:00', N'2017-11-12 15:00:00', N'')
INSERT INTO [dbo].[Schedule] ([Id], [IdFlight], [IdFlightState], [DepartureDT], [ArrivalDT], [Comment]) VALUES (N'4cf8820c-2834-439a-85db-dea92d62ccb8', N'bf11510d-19d7-e611-b354-d017c293d790', N'5ebe4a2f-f0c1-e611-b353-d017c293d790', N'2017-02-12 04:03:00', N'2017-02-12 15:00:00', N'')
INSERT INTO [dbo].[Schedule] ([Id], [IdFlight], [IdFlightState], [DepartureDT], [ArrivalDT], [Comment]) VALUES (N'0719a50d-1938-4670-96dd-df49fc2e284a', N'73497d33-19d7-e611-b354-d017c293d790', N'5ebe4a2f-f0c1-e611-b353-d017c293d790', N'2017-12-31 01:00:00', N'2017-12-31 15:00:00', N'')
INSERT INTO [dbo].[Schedule] ([Id], [IdFlight], [IdFlightState], [DepartureDT], [ArrivalDT], [Comment]) VALUES (N'9a143b48-8026-457c-bfcb-e087cdbae09e', N'f4441efa-18d7-e611-b354-d017c293d790', N'5ebe4a2f-f0c1-e611-b353-d017c293d790', N'2017-03-05 03:02:00', N'2017-03-05 15:00:00', N'')
INSERT INTO [dbo].[Schedule] ([Id], [IdFlight], [IdFlightState], [DepartureDT], [ArrivalDT], [Comment]) VALUES (N'6ffc3783-51e5-4cc1-8da8-e1aa598fd2a7', N'b33eae27-19d7-e611-b354-d017c293d790', N'5ebe4a2f-f0c1-e611-b353-d017c293d790', N'2017-07-09 01:00:00', N'2017-07-09 15:00:00', N'')
INSERT INTO [dbo].[Schedule] ([Id], [IdFlight], [IdFlightState], [DepartureDT], [ArrivalDT], [Comment]) VALUES (N'def9d12a-375f-4c5d-adc0-e302ef5d6d67', N'0a3cddeb-18d7-e611-b354-d017c293d790', N'5ebe4a2f-f0c1-e611-b353-d017c293d790', N'2017-05-14 01:00:00', N'2017-05-14 15:00:00', N'')
INSERT INTO [dbo].[Schedule] ([Id], [IdFlight], [IdFlightState], [DepartureDT], [ArrivalDT], [Comment]) VALUES (N'12c2ca11-cbc0-4847-a55a-e339f4fed9c0', N'f4441efa-18d7-e611-b354-d017c293d790', N'5ebe4a2f-f0c1-e611-b353-d017c293d790', N'2017-09-03 03:02:00', N'2017-09-03 15:00:00', N'')
INSERT INTO [dbo].[Schedule] ([Id], [IdFlight], [IdFlightState], [DepartureDT], [ArrivalDT], [Comment]) VALUES (N'c164a6be-95ea-47f6-bab7-e39d0f1d712c', N'0a3cddeb-18d7-e611-b354-d017c293d790', N'5ebe4a2f-f0c1-e611-b353-d017c293d790', N'2017-09-24 01:00:00', N'2017-09-24 15:00:00', N'')
INSERT INTO [dbo].[Schedule] ([Id], [IdFlight], [IdFlightState], [DepartureDT], [ArrivalDT], [Comment]) VALUES (N'ecd38059-ddac-41e3-951a-e6860959712d', N'bf11510d-19d7-e611-b354-d017c293d790', N'5ebe4a2f-f0c1-e611-b353-d017c293d790', N'2017-07-02 04:03:00', N'2017-07-02 15:00:00', N'')
INSERT INTO [dbo].[Schedule] ([Id], [IdFlight], [IdFlightState], [DepartureDT], [ArrivalDT], [Comment]) VALUES (N'a162b4f6-97d1-4437-87cb-e6b70ed5f3ec', N'bf11510d-19d7-e611-b354-d017c293d790', N'5ebe4a2f-f0c1-e611-b353-d017c293d790', N'2017-01-01 04:03:00', N'2017-01-01 15:00:00', N'')
INSERT INTO [dbo].[Schedule] ([Id], [IdFlight], [IdFlightState], [DepartureDT], [ArrivalDT], [Comment]) VALUES (N'9223092e-febc-4247-9326-e7faddd559b5', N'73497d33-19d7-e611-b354-d017c293d790', N'5ebe4a2f-f0c1-e611-b353-d017c293d790', N'2017-10-29 01:00:00', N'2017-10-29 15:00:00', N'')
INSERT INTO [dbo].[Schedule] ([Id], [IdFlight], [IdFlightState], [DepartureDT], [ArrivalDT], [Comment]) VALUES (N'5d8970b2-6ac4-4108-9364-e83d0723e083', N'7e68281a-19d7-e611-b354-d017c293d790', N'5ebe4a2f-f0c1-e611-b353-d017c293d790', N'2017-06-18 01:00:00', N'2017-06-18 15:00:00', N'')
INSERT INTO [dbo].[Schedule] ([Id], [IdFlight], [IdFlightState], [DepartureDT], [ArrivalDT], [Comment]) VALUES (N'6308b811-131f-41d6-9902-e8c3c0a5eeb8', N'bf11510d-19d7-e611-b354-d017c293d790', N'5ebe4a2f-f0c1-e611-b353-d017c293d790', N'2017-06-25 04:03:00', N'2017-06-25 15:00:00', N'')
INSERT INTO [dbo].[Schedule] ([Id], [IdFlight], [IdFlightState], [DepartureDT], [ArrivalDT], [Comment]) VALUES (N'36e635c1-bafe-46e9-86b0-eaa966df667a', N'73497d33-19d7-e611-b354-d017c293d790', N'5ebe4a2f-f0c1-e611-b353-d017c293d790', N'2017-10-01 01:00:00', N'2017-10-01 15:00:00', N'')
INSERT INTO [dbo].[Schedule] ([Id], [IdFlight], [IdFlightState], [DepartureDT], [ArrivalDT], [Comment]) VALUES (N'57d3aef9-fa2e-4f1e-b94d-ec93b27400ac', N'0a3cddeb-18d7-e611-b354-d017c293d790', N'5ebe4a2f-f0c1-e611-b353-d017c293d790', N'2017-09-10 01:00:00', N'2017-09-10 15:00:00', N'')
INSERT INTO [dbo].[Schedule] ([Id], [IdFlight], [IdFlightState], [DepartureDT], [ArrivalDT], [Comment]) VALUES (N'81a8e677-3209-4920-afa9-ed658089de22', N'73497d33-19d7-e611-b354-d017c293d790', N'5ebe4a2f-f0c1-e611-b353-d017c293d790', N'2017-11-26 01:00:00', N'2017-11-26 15:00:00', N'')
INSERT INTO [dbo].[Schedule] ([Id], [IdFlight], [IdFlightState], [DepartureDT], [ArrivalDT], [Comment]) VALUES (N'cbf1d50c-900d-40bd-80ba-ed74468ec417', N'f4441efa-18d7-e611-b354-d017c293d790', N'5ebe4a2f-f0c1-e611-b353-d017c293d790', N'2017-11-05 03:02:00', N'2017-11-05 15:00:00', N'')
INSERT INTO [dbo].[Schedule] ([Id], [IdFlight], [IdFlightState], [DepartureDT], [ArrivalDT], [Comment]) VALUES (N'7871bd7c-f6d2-4adc-8402-ef6b1c843882', N'73497d33-19d7-e611-b354-d017c293d790', N'5ebe4a2f-f0c1-e611-b353-d017c293d790', N'2017-11-19 01:00:00', N'2017-11-19 15:00:00', N'')
INSERT INTO [dbo].[Schedule] ([Id], [IdFlight], [IdFlightState], [DepartureDT], [ArrivalDT], [Comment]) VALUES (N'c6ff9d67-ea0c-4bb4-8c0a-f06674712834', N'bf11510d-19d7-e611-b354-d017c293d790', N'5ebe4a2f-f0c1-e611-b353-d017c293d790', N'2017-06-11 04:03:00', N'2017-06-11 15:00:00', N'')
INSERT INTO [dbo].[Schedule] ([Id], [IdFlight], [IdFlightState], [DepartureDT], [ArrivalDT], [Comment]) VALUES (N'27c894ba-529a-4717-a4d8-f0ea8ea471cf', N'0a3cddeb-18d7-e611-b354-d017c293d790', N'5ebe4a2f-f0c1-e611-b353-d017c293d790', N'2017-04-02 01:00:00', N'2017-04-02 15:00:00', N'')
INSERT INTO [dbo].[Schedule] ([Id], [IdFlight], [IdFlightState], [DepartureDT], [ArrivalDT], [Comment]) VALUES (N'575814f8-c4cf-4f6a-82ed-f2bd2775dc91', N'b33eae27-19d7-e611-b354-d017c293d790', N'5ebe4a2f-f0c1-e611-b353-d017c293d790', N'2017-07-23 01:00:00', N'2017-07-23 15:00:00', N'')
INSERT INTO [dbo].[Schedule] ([Id], [IdFlight], [IdFlightState], [DepartureDT], [ArrivalDT], [Comment]) VALUES (N'93f86d88-3f88-4c58-93ad-f3671fb21b42', N'f4441efa-18d7-e611-b354-d017c293d790', N'5ebe4a2f-f0c1-e611-b353-d017c293d790', N'2017-12-03 03:02:00', N'2017-12-03 15:00:00', N'')
INSERT INTO [dbo].[Schedule] ([Id], [IdFlight], [IdFlightState], [DepartureDT], [ArrivalDT], [Comment]) VALUES (N'b93dec73-ffb9-429f-a43b-f52a98f98630', N'0a3cddeb-18d7-e611-b354-d017c293d790', N'5ebe4a2f-f0c1-e611-b353-d017c293d790', N'2017-01-01 01:00:00', N'2017-01-01 15:00:00', N'')
INSERT INTO [dbo].[Schedule] ([Id], [IdFlight], [IdFlightState], [DepartureDT], [ArrivalDT], [Comment]) VALUES (N'fa0e8661-01b4-4d53-a596-f5a66c934f76', N'73497d33-19d7-e611-b354-d017c293d790', N'5ebe4a2f-f0c1-e611-b353-d017c293d790', N'2017-01-29 01:00:00', N'2017-01-29 15:00:00', N'')
INSERT INTO [dbo].[Schedule] ([Id], [IdFlight], [IdFlightState], [DepartureDT], [ArrivalDT], [Comment]) VALUES (N'4fba3e5a-c52b-4c3d-8da0-f613c6d34e66', N'73497d33-19d7-e611-b354-d017c293d790', N'5ebe4a2f-f0c1-e611-b353-d017c293d790', N'2017-10-08 01:00:00', N'2017-10-08 15:00:00', N'')
INSERT INTO [dbo].[Schedule] ([Id], [IdFlight], [IdFlightState], [DepartureDT], [ArrivalDT], [Comment]) VALUES (N'e411b4c7-5446-4fd0-ac66-f63132e3f7a7', N'b33eae27-19d7-e611-b354-d017c293d790', N'5ebe4a2f-f0c1-e611-b353-d017c293d790', N'2017-02-12 01:00:00', N'2017-02-12 15:00:00', N'')
INSERT INTO [dbo].[Schedule] ([Id], [IdFlight], [IdFlightState], [DepartureDT], [ArrivalDT], [Comment]) VALUES (N'b0ddacb6-0971-4bb9-a7a6-f7382c9c6f56', N'f4441efa-18d7-e611-b354-d017c293d790', N'5ebe4a2f-f0c1-e611-b353-d017c293d790', N'2017-10-29 03:02:00', N'2017-10-29 15:00:00', N'')
INSERT INTO [dbo].[Schedule] ([Id], [IdFlight], [IdFlightState], [DepartureDT], [ArrivalDT], [Comment]) VALUES (N'94cca0c8-140f-420e-8efd-f79f3b0ab877', N'0a3cddeb-18d7-e611-b354-d017c293d790', N'5ebe4a2f-f0c1-e611-b353-d017c293d790', N'2017-05-21 01:00:00', N'2017-05-21 15:00:00', N'')
INSERT INTO [dbo].[Schedule] ([Id], [IdFlight], [IdFlightState], [DepartureDT], [ArrivalDT], [Comment]) VALUES (N'302499bc-1214-439e-b8ed-f87ba4d12756', N'7e68281a-19d7-e611-b354-d017c293d790', N'5ebe4a2f-f0c1-e611-b353-d017c293d790', N'2017-07-02 01:00:00', N'2017-07-02 15:00:00', N'')
INSERT INTO [dbo].[Schedule] ([Id], [IdFlight], [IdFlightState], [DepartureDT], [ArrivalDT], [Comment]) VALUES (N'7034a6d4-d433-4578-a683-fc6d68cce084', N'73497d33-19d7-e611-b354-d017c293d790', N'5ebe4a2f-f0c1-e611-b353-d017c293d790', N'2017-09-10 01:00:00', N'2017-09-10 15:00:00', N'')
INSERT INTO [dbo].[Schedule] ([Id], [IdFlight], [IdFlightState], [DepartureDT], [ArrivalDT], [Comment]) VALUES (N'408a031e-a71b-4c3c-93be-fc8869ea862f', N'73497d33-19d7-e611-b354-d017c293d790', N'5ebe4a2f-f0c1-e611-b353-d017c293d790', N'2017-05-21 01:00:00', N'2017-05-21 15:00:00', N'')
INSERT INTO [dbo].[Schedule] ([Id], [IdFlight], [IdFlightState], [DepartureDT], [ArrivalDT], [Comment]) VALUES (N'2fd07c17-f75b-44f7-afc6-fe227dbcf259', N'7e68281a-19d7-e611-b354-d017c293d790', N'5ebe4a2f-f0c1-e611-b353-d017c293d790', N'2017-01-15 01:00:00', N'2017-01-15 15:00:00', N'')
INSERT INTO [dbo].[Schedule] ([Id], [IdFlight], [IdFlightState], [DepartureDT], [ArrivalDT], [Comment]) VALUES (N'ba8d9daa-6241-496d-9d7b-fe4c1041d0e1', N'bf11510d-19d7-e611-b354-d017c293d790', N'5ebe4a2f-f0c1-e611-b353-d017c293d790', N'2017-07-09 04:03:00', N'2017-07-09 15:00:00', N'')
INSERT INTO [dbo].[Schedule] ([Id], [IdFlight], [IdFlightState], [DepartureDT], [ArrivalDT], [Comment]) VALUES (N'980cf8c0-7ebd-4870-99ec-fed4752e8377', N'bf11510d-19d7-e611-b354-d017c293d790', N'5ebe4a2f-f0c1-e611-b353-d017c293d790', N'2017-02-19 04:03:00', N'2017-02-19 15:00:00', N'')
INSERT INTO [dbo].[Schedule] ([Id], [IdFlight], [IdFlightState], [DepartureDT], [ArrivalDT], [Comment]) VALUES (N'23643ab8-d942-426a-9f4a-ffc8b64102bb', N'73497d33-19d7-e611-b354-d017c293d790', N'5ebe4a2f-f0c1-e611-b353-d017c293d790', N'2017-10-22 01:00:00', N'2017-10-22 15:00:00', N'')
